cat1|sku|ean|mpn|quantita|prezzo_iva_esclusa|titolo_prodotto|immagine_principale|descrizione_prodotto|costo_spedizione|cat2|cat3|marca|peso
Informatica|T_0383_1B20-00G|0085896583707|K58370WW|29|60.56|Kensington Filtro da schermo per la privacy magnetico MagPro™ Elite per MacBook Pro da 14 (2021)|https://static.scaboo.com/images/_ext/9/6/7/96791852.jpg|Il passaggio all’hybrid working significa che il moderno posto di lavoro non è più un luogo unico e di facile protezione. Gli utenti possono lavorare da qualsiasi postazione e le possibilità di violazioni visive aumentano. Chi possiede un MacBook Pro da 14 necessita di un filtro da schermo per la privacy che possa essere applicato e rimosso rapidamente, consentendo al laptop di chiudersi completamente e passare alla modalità di sospensione. Il filtro da schermo per la privacy magnetico MagPro™ Elite si fissa senza problemi al telaio magnetico del MacBook Pro, senza bisogno di adesivi. Permettendo la chiusura completa del dispositivo, il filtro da schermo restringe l’angolo di visualizzazione a ±30°, il che limita le possibilità di una visualizzazione non autorizzata e riduce l’emissione di luce blu dannosa e i riflessi. Compatibilit&#224; MacBook Pro 14\u201d (2021)|13.5|Accessori|Cavi E Accessori|Kensington|249983
Informatica|T_0383_4N36-01P|0194253417095|MQDP3D/A|17|208.76|Apple Magic Keyboard Folio per iPad (decima generazione) - Tedesco|https://static.scaboo.com/images/_ext/1/0/3/103427661.jpg|La Magic Keyboard Folio è l’anima gemella del tuo iPad (decima generazione). È comodissima per scrivere, ha un trackpad integrato per lavorare con precisione e ha anche 14 tasti funzione. Il design in due pezzi è versatile e geniale: sia la tastiera staccabile che il pannello posteriore si agganciano magneticamente all’iPad. Grazie al supporto regolabile puoi trovare l’angolazione migliore per una visione ottimale. E ovviamente con la Magic Keyboard Folio il tuo iPad è sempre ben protetto. Tecnologia di connessione Wireless Struttura tastiera QWERTZ Linguaggio tastiera Tedesco Dispositivo di puntatura Trackpad Tastiera numerica No Distanza di pressione del tasto 1 mm Compatibilit&#224; marca Apple Compatibilit&#224; iPad (10th gen.) Colore del prodotto Alluminio Copertura S&#236; Ripiegabile S&#236;|13.5|Accessori|Cavi E Accessori|Apple|249983
Informatica|T_0383_3K01-01Q|0194644203504|A1664H21|11|39.38|Anker A1664H21 batteria portatile 10000 mAh Carica wireless Bianco|https://static.scaboo.com/images/_ext/1/2/2/122741978.jpg|Interfaccia di ingresso USB tipo-C Connettore USB Type-C S&#236; Larghezza 70,6 mm Profondit&#224; 14,7 mm Altezza 104 mm Peso 200 g Voltaggio di ingresso 5/9/15 V Potenza di uscita totale 12 W Potenza di ricarica senza fili 5 W Voltaggio di uscita 5/9/12/15/20 V Quantit&#224; per pacco 1 pz Numero di dispositivi connessi simultaneamente (max) 1 Colore del prodotto Bianco Compatibilit&#224; caricatore Headphones/Headset, Telefono cellulare/smartphone Forma Rettangolo Capacit&#224; della batteria 10000 mAh Fonte di ricarica USB Ricarica rapida S&#236; Carica wireless S&#236; Fornitura di alimentazione USB fino a 15 W|13.5|Accessori|Cavi E Accessori|Anker|249983
Informatica|T_0383_1N30-00P|0195892091196|4X41M69795|50|37.78|Lenovo ThinkPad Professional 16-inch Topload Gen 2 40,6 cm (16) Borsa con caricamento dall'alto Nero|https://static.scaboo.com/images/_ext/1/1/5/115167822.jpg|Larghezza 410 mm Profondit&#224; 80 mm Altezza 300 mm Larghezza imballo 410 mm Profondit&#224; imballo 80 mm Altezza imballo 300 mm Peso dell'imballo 860 g Capienza massima dimensioni dello schermo 40,6 cm (16) Tipologia custodia Borsa con caricamento dall'alto Materiali Plastica Colore principale del prodotto Nero Compatibilit&#224; marca Lenovo Colorazione superficie Monocromatico Compatibilit&#224; ThinkPad Maniglia(e) per il trasporto S&#236; Tracolla S&#236; Tracolla rimovibile S&#236; Funzioni di protezione Scratch resistant, Resistente all\u2019acqua Materiale riciclato S&#236; Percentuale di materiale riciclato 89% Tipo di chiusura Allacciatura a zip Quantit&#224; 1|13.5|Accessori|Cavi E Accessori|Lenovo|249983
Informatica|T_0383_1B01-393|0195949377112|MW2M3ZM/A|50|76.11|Apple MW2M3ZM/A Caricabatterie per dispositivi mobili Universale Bianco AC Ricarica rapida Interno|https://static.scaboo.com/images/_ext/1/2/0/120361889.jpg|Portata termica nominale 140 W Quantit&#224; per pacco 1 pz Colore del prodotto Bianco Indicatori LED No Tipo di caricatore Interno Compatibilit&#224; caricatore Universale Tipologia alimentazione AC Numero di dispositivi connessi simultaneamente (max) 1 Quantit&#224; di porte USB Tipo C 1 Ricarica rapida S&#236; Compatibile con MagSafe S&#236; Compatibilit&#224; iPhone ModelleiPhone 15 ProiPhone 15 Pro MaxiPhone 15iPhone 15 PlusMac ModelleMacBook Air (13, M3, 2024)MacBook Air (15, M3, 2024)MacBook Air (15, M2, 2023)MacBook Air (13,|13.5|Accessori|Cavi E Accessori|Apple|249983
Informatica|T_0383_1B01-39E|0195949396489|MW613ZM/A|50|35.27|Apple MW613ZM/A cavo USB 2 m USB C MagSafe 3 Argento|https://static.scaboo.com/images/_ext/1/2/4/124802004.jpg|Questo cavo da 2 metri è dotato di un connettore magnetico MagSafe 3 che si aggancia all’istante alla porta per la ricarica del tuo MacBook. Usalo insieme a un alimentatore USB-C compatibile per caricare da una presa di corrente. Supporta anche la funzione di ricarica rapida. Il connettore magnetico è progettato per evitare distacchi accidentali, ma si sgancia senza danni se qualcuno inciampa nel cavo, così il tuo portatile non prende il volo. Il colore del LED indica lo stato della batteria: è ambra durante la ricarica, diventa verde quando la carica è completa. E il cavo in robusto tessuto intrecciato è fatto per durare a lungo. Alimentatore USB-C in vendita separatamente. Lunghezza cavo 2 m Quantit&#224; per pacco 1 pz Connettore 1 USB C Connettore 2 MagSafe 3 Genere del connettore 1 Maschio Genere del connettore 2 Maschio Colore del prodotto Argento Fattore di forma del connettore 1 Dritto Fattore di forma del connettore 2 Dritto Connettore magnetico S&#236; Ricarica rapida S&#236; Prodotti compatibili MacBook Air (13-inch, M3, 2024)MacBook Air (15-inch, M3, 2024)MacBook Air (15-inch, M2, 2023)MacBook Air (13-inch, M2, 2022)MacBook Pro (14\u2011inch, 2024)MacBook Pro (16\u2011inch, 2024)|13.5|Accessori|Cavi E Accessori|Apple|249983
Informatica|T_0383_1B01-395|0195949396861|MW5M3ZM/A|15|50.72|Apple MW5M3ZM/A hub di interfaccia USB tipo-C Bianco|https://static.scaboo.com/images/_ext/1/2/1/121039075.jpg|Compatibilit&#224; sistema operativo Mac Mac OS X 10.14 Mojave, Mac OS X 10.15 Catalina, Mac OS X 10.15.3 Catalina, Mac OS X 11.0 Big Sur, Mac OS X 12.0 Monterey, Mac OS X 13.0 Ventura, Mac OS X 14.0 Sonoma Altri sistemi operativi supportati iOS Quantit&#224; porte 3 Interfaccia host USB tipo-C Interfacce hub HDMI, Lightning, USB 3.2 Gen 1 (3.1 Gen 1) Type-A Quantit&#224; porte HDMI 1 Quantit&#224; per pacco 1 pz Risoluzioni grafiche supportate 1920 x 1080 (HD 1080), 3840 x 2160 Modalit&#224; video supportate 1080p Colore del prodotto Bianco Prodotti compatibili iPhone 15 Pro; iPhone 15 Pro Max; iPhone 15; iPhone 15 Plus; iPad Pro 13-inch (M4); iPad\u00a0Pro 12.9-inch (6th\u00a0generation); iPad Pro 12.9-inch (5th\u00a0generation); iPad Pro 12.9-inch (4th\u00|13.5|Accessori|Cavi E Accessori|Apple|249983
Informatica|T_0383_1T60-076|0195949438950|MWK93ZM/A|13|69.4|Apple Smart Folio per iPad Air 13 (M2) - Grigio cenere|https://static.scaboo.com/images/_ext/1/2/0/120568656.jpg|La Smart Folio per iPad Air (M2) ti permette di scegliere fra ancora più angolazioni per leggere, scrivere, guardare video e fare videochiamate FaceTime. Riattiva in automatico il tuo iPad Air quando la apri, lo mette in standby quando la chiudi, e in più lo protegge davanti e dietro. Il tutto in un design sottile e leggero. Quantit&#224; per pacco 1 pz Batteria inclusa No Capienza massima dimensioni dello schermo 33 cm (13) Tipologia custodia Custodia a libro Colore principale del prodotto Grigio Compatibilit&#224; marca Apple Altoparlanti incorporati No Modalit&#224; supporto S&#236; Compatibilit&#224; 13\u2011inch iPad Air (M2) Funzione sveglia/sonno automatica S&#236;|13.5|Accessori|Cavi E Accessori|Apple|249983
Informatica|T_0383_4N36-01V|0195949482977|MWR23D/A|22|237.6|Apple Magic Keyboard QWERTZ Tedesco Nero|https://static.scaboo.com/images/_ext/1/2/0/120568415.jpg|La Magic Keyboard per iPad Pro è una tastiera comodissima con trackpad integrato e con appoggio in alluminio per i palmi, dal design elegante e portatile. Ha 14 tasti funzione per controllare al volo impostazioni come la luminosità dello schermo o il volume, e un connettore USB-C per la ricarica pass-through. Il suo design a inclinazione libera ti permette di trovare l’angolazione migliore per quello che fai. Il nuovo trackpad con feedback aptico è più ampio, ed è perfetto quando ti serve più precisione, per esempio se lavori con fogli di calcolo o devi selezionare del testo; ti permette inoltre di usare i gesti Multi-Touch che già conosci. In più, la robusta cover protegge il tuo iPad Pro davanti e dietro, così puoi portarlo con te senza pensieri. Sistema operativo mobile supportato iPadOS 17.4 Tecnologia di connessione Wireless Tipo di porta di ricarica USB tipo-C Struttura tastiera QWERTZ Linguaggio tastiera Tedesco Dispositivo di puntatura Trackpad Tastiera numerica No Interruttore a chiave per tastiera Tasto con meccanismo a forbici tastiera flessibile No Tasti multimediali S&#236; Distanza di pressione del tasto 1 mm Compatibilit&#224; marca Apple Compatibilit&#224; iPad Pro 11-inch (M4) Colore del prodotto Nero Copertura S&#236; Retroilluminazione S&#236; Capienza massima dimensioni dello schermo 27,9 cm (11) Materiale della scocca Alluminio Indicatori LED No Feedback tattile S&#236;|13.5|Accessori|Cavi E Accessori|Apple|249983
Informatica|T_0383_4N36-01Y|0195949483592|MWR43D/A|12|287.59|Apple Magic Keyboard per iPad Pro 13 (M4) - Tedesco - Bianco|https://static.scaboo.com/images/_ext/1/2/0/120568339.jpg|La Magic Keyboard per iPad Pro è una tastiera comodissima con trackpad integrato e con appoggio in alluminio per i palmi, dal design elegante e portatile. Ha 14 tasti funzione per controllare al volo impostazioni come la luminosità dello schermo o il volume, e un connettore USB-C per la ricarica pass-through. Il suo design a inclinazione libera ti permette di trovare l’angolazione migliore per quello che fai. Il nuovo trackpad con feedback aptico è più ampio, ed è perfetto quando ti serve più precisione, per esempio se lavori con fogli di calcolo o devi selezionare del testo; ti permette inoltre di usare i gesti Multi-Touch che già conosci. In più, la robusta cover protegge il tuo iPad Pro davanti e dietro, così puoi portarlo con te senza pensieri. Sistema operativo mobile supportato iPadOS 17.4 Tecnologia di connessione Wireless Tipo di porta di ricarica USB tipo-C Struttura tastiera QWERTZ Linguaggio tastiera Tedesco Dispositivo di puntatura Trackpad Tastiera numerica No Interruttore a chiave per tastiera Tasto con meccanismo a forbici tastiera flessibile No Tasti multimediali S&#236; Distanza di pressione del tasto 1 mm Compatibilit&#224; marca Apple Compatibilit&#224; iPad Pro 13-inch (M4) Colore del prodotto Bianco Copertura S&#236; Retroilluminazione S&#236; Capienza massima dimensioni dello schermo 33 cm (13) Materiale della scocca Alluminio Indicatori LED No Feedback tattile S&#236;|13.5|Accessori|Cavi E Accessori|Apple|249983
Informatica|T_0383_4820-42J|0195949573125|MX2D3ZM/A|50|101.11|Apple Pencil Pro|https://static.scaboo.com/images/_ext/1/2/0/120566159.jpg|Apple Pencil Pro ti aiuta a dare vita alle tue idee con funzioni evolute, ancora più magiche: annotare documenti, prendere appunti o disegnare un piccolo capolavoro ti verrà più naturale che mai. Premi con le dita. Con il nuovo sensore, Apple Pencil rileva quando la premi con le dita e apre una nuova palette che ti permette di cambiare strumento, spessore del tratto e colore. Ruota. Grazie al nuovo giroscopio, puoi ruotare Apple Pencil per regolare con precisione l’angolazione del tratto o della pennellata mentre disegni. Feedback aptico. Lo speciale motore aptico ti dà un feedback preciso: quando fai doppio tap o premi con le dita, sentirai l’Apple Pencil pulsare leggermente. Funzioni Apple Pencil senza contatto.¹ Puoi vedere esattamente dove la punta toccherà lo schermo prima di appoggiarla. Significa scrivere e disegnare con ancora più precisione. Doppio tap. Fai doppio tap su Apple Pencil per passare al volo dalla penna alla gomma o allo strumento che ti serve. Apple Pencil Pro si aggancia magneticamente al lato del tuo iPad per l’abbinamento e la ricarica. E se non ricordi dove l’hai messa, puoi ritrovarla con l’app Dov’è. Peso 19,15 g Larghezza 8,9 mm Profondit&#224; 8,9 mm Altezza 166 mm Quantit&#224; per pacco 1 pz Larghezza imballo 55,7 mm Profondit&#224; imballo 211,9 mm Altezza imballo 20,5 mm Peso dell'imballo 109 g Compatibilit&#224; dispositivo Tablet Compatibilit&#224; marca Apple Colore del prodotto Bianco Compatibilit&#224; iPad Pro 13-inch (M4)iPad Pro 11-inch (M4)iPad Air 13-inch (M2)iPad Air 11-inch (M2) Bluetooth S&#236; Giroscopio S&#236; Feedback tattile S&#236; Connettore di carica magnetica S&#236; Sistema operativo mobile supportato iPadOS 17.5|13.5|Accessori|Cavi E Accessori|Apple|249983
Informatica|T_0383_1Q60-00C|0195949587696|MX5J3ZM/A|10|29.55|Apple MX5J3ZM/A hub di interfaccia Lightning Bianco|https://static.scaboo.com/images/_ext/1/2/1/121039076.jpg|Quantit&#224; porte 2 Interfaccia host Lightning Interfacce hub Lightning, USB 3.2 Gen 1 (3.1 Gen 1) Type-A Quantit&#224; per pacco 1 pz Colore del prodotto Bianco Prodotti compatibili iPhone 14 Pro; iPhone 14 Pro Max; iPhone 14; iPhone 14 Plus; iPhone 13 Pro; iPhone 13 Pro Max; iPhone 13 mini; iPhone 13; iPhone SE (3rd\u00a0generation); iPhone\u00a012 Pro; iPhone\u00a012 Pro Max; i|13.5|Accessori|Cavi E Accessori|Apple|249983
Informatica|T_0383_1B01-394|0195949590375|MW5H3ZM/A|10|113.68|Apple MW5H3ZM/A Cavo Thunderbolt 3 m 40 Gbit/s Nero|https://static.scaboo.com/images/_ext/1/2/1/121039069.jpg|Connettore 1 Maschio Connettore 2 Maschio Lunghezza cavo 3 m Colore del prodotto Nero Velocit&#224; massima di trasmissione 40 Gbit/s Forma del cavo Rotondo Alimentazione USB S&#236; Fornitura di alimentazione USB fino a 100 W Quantit&#224; per pacco 1 pz|13.5|Accessori|Cavi E Accessori|Apple|249983
Informatica|T_0383_4N36-021|0195949633607|MXCK3D/A|35|106.98|Apple Magic Keyboard con Touch ID per Mac con chip - Tedesco|https://static.scaboo.com/images/_ext/1/2/3/123027255.jpg|La Magic Keyboard ora è disponibile anche con Touch ID, che ti permette di autenticarti in modo semplice e immediato e fare login e acquisti sicuri. La Magic Keyboard con Touch ID è comodissima e risponde in modo preciso a ogni tuo tocco. La batteria integrata dura così tanto che potrai scrivere per almeno un mese prima di doverla ricaricare.¹ E grazie alla tecnologia wireless, la tastiera si abbina automaticamente al tuo Mac, così puoi metterti subito al lavoro. Ha una porta USB-C ed è provvista di un cavo di ricarica USB-C intrecciato, per collegarla e ricaricarla tramite la porta USB-C del Mac. Compatibilit&#224; sistema operativo Mac Mac OS X 11.0 Big Sur, Mac OS X 12.0 Monterey, Mac OS X 13.0 Ventura, Mac OS X 14.0 Sonoma Dimensioni tastiera (WxDxH) 278,9 x 114,9 x 10,9 mm Peso della tastiera 243 g Tipologia alimentazione Batteria, USB tipo di batteria tastiera Batteria integrata Ricaricabile S&#236; Fonte di ricarica USB tipo-C Utilizzo raccomandato Universale Tecnologia di connessione Con cavo e senza cavo Interfaccia dispositivo USB + Bluetooth Struttura tastiera QWERTZ Linguaggio tastiera Tedesco Dispositivo di puntatura No Fattore di forma tastiera Tenkeyless (80 - 87%) Tastiera numerica No Tasti multimediali S&#236; Lettore di impronte digitali S&#236; Numero di prodotti inclusi 1 pz Colore del prodotto Argento, Bianco Stile tastiera Dritto Altezza tastiera regolabile S&#236; Mouse incluso No Connettore USB USB tipo-C|13.5|Accessori|Cavi E Accessori|Apple|249983
Informatica|T_0383_4N36-020|0195949634284|MXCL3D/A|39|73.68|Apple Magic tastiera Universale USB + Bluetooth QWERTZ Tedesco Bianco|https://static.scaboo.com/images/_ext/1/2/3/123027069.jpg|La Magic Keyboard è comodissima e risponde in modo preciso a ogni tuo tocco. La batteria integrata dura così tanto che potrai scrivere per almeno un mese prima di doverla ricaricare. E grazie alla tecnologia wireless, la tastiera si abbina automaticamente al tuo Mac, così puoi metterti subito al lavoro. Ha una porta USB-C ed è provvista di un cavo di ricarica USB-C intrecciato, per collegarla e ricaricarla tramite la porta USB-C del Mac. Compatibilit&#224; sistema operativo Mac S&#236; Sistema operativo mobile supportato iOS, iPadOS Dimensioni tastiera (WxDxH) 278,9 x 114,9 x 10,9 mm Peso della tastiera 239 g Tipologia alimentazione Batteria, USB tipo di batteria tastiera Batteria integrata Ricaricabile S&#236; Fonte di ricarica USB tipo-C Utilizzo raccomandato Universale Tecnologia di connessione Con cavo e senza cavo Interfaccia dispositivo USB + Bluetooth Struttura tastiera QWERTZ Linguaggio tastiera Tedesco Dispositivo di puntatura No Tastiera numerica No Tasti multimediali S&#236; Numero di prodotti inclusi 1 pz Cavi inclusi USB tipo-C Compatibilit&#224; iPhone Models: iPhone 15 Pro, iPhone 15 Pro Max, iPhone 15, iPhone 15 Plus, iPhone 14 Pro, iPhone 14 Pro Max, iPhone 14, iPhone 14 Plus, iPhone 13 Pro, iPhone 13 Pro Max, iPhone 13 mini, iPhone 13, iP Retroilluminazione No Colore del prodotto Bianco Mouse incluso No|13.5|Accessori|Cavi E Accessori|Apple|249983
Informatica|T_0383_4M38-00H|0195949654374|MXK93Z/A|45|86.79|Apple Magic touchpad Con cavo e senza cavo Bianco|https://static.scaboo.com/images/_ext/1/2/3/123023636.jpg|Magic Trackpad è wireless e ricaricabile, supporta tutti i gesti Multi-Touch e integra la tecnologia Force Touch. I sensori di pressione sotto la superficie rilevano l’intensità del tocco, così hai molte più funzioni a portata di dita, e un controllo più diretto su tutto quello che fai. E grazie all’ampia superficie in vetro puoi scorrere e sfogliare i tuoi contenuti ancora più comodamente. Magic Trackpad si abbina automaticamente al tuo Mac, così puoi metterti subito al lavoro. La batteria integrata ti permetterà di usare Magic Trackpad anche più di un mese prima di doverlo ricaricare. Incluso c’è anche un cavo di ricarica USB-C intrecciato, per collegarlo e ricaricarlo tramite la porta USB-C del Mac. Larghezza 160 mm Profondit&#224; 114,9 mm Altezza 10,9 mm Peso 230 g Tipo batteria Batteria integrata Tecnologia di connessione Con cavo e senza cavo Interfaccia USB Bluetooth S&#236; Compatibilit&#224; marca Apple Compatibilit&#224; iPad ModelsiPad Pro 13-inch (M4)iPad Pro 12.9-inch (6th generation)iPad Pro 12.9-inch (5th generation)iPad Pro 12.9-inch (4th generation)iPad Pro 12.9-inch (3rd generation)iPad Pro 12.9-in Colore del prodotto Bianco|13.5|Accessori|Cavi E Accessori|Apple|249983
Informatica|T_0383_4M38-00G|0195949654480|MXKA3Z/A|16|103.67|Apple Magic touchpad Con cavo e senza cavo Nero|https://static.scaboo.com/images/_ext/1/2/3/123023638.jpg|Magic Trackpad è wireless e ricaricabile, supporta tutti i gesti Multi-Touch e integra la tecnologia Force Touch. I sensori di pressione sotto la superficie rilevano l’intensità del tocco, così hai molte più funzioni a portata di dita, e un controllo più diretto su tutto quello che fai. E grazie all’ampia superficie in vetro puoi scorrere e sfogliare i tuoi contenuti ancora più comodamente. Magic Trackpad si abbina automaticamente al tuo Mac, così puoi metterti subito al lavoro. La batteria integrata ti permetterà di usare Magic Trackpad anche più di un mese prima di doverlo ricaricare. Incluso c’è anche un cavo di ricarica USB-C intrecciato, per collegarlo e ricaricarlo tramite la porta USB-C del Mac. Larghezza 160 mm Profondit&#224; 114,9 mm Altezza 10,9 mm Peso 230 g Tipo batteria Batteria integrata Tecnologia di connessione Con cavo e senza cavo Interfaccia USB Bluetooth S&#236; Compatibilit&#224; marca Apple Compatibilit&#224; iPad ModelsiPad Pro 13-inch (M4)iPad Pro 12.9-inch (6th generation)iPad Pro 12.9-inch (5th generation)iPad Pro 12.9-inch (4th generation)iPad Pro 12.9-inch (3rd generation)iPad Pro 12.9-in Colore del prodotto Nero|13.5|Accessori|Cavi E Accessori|Apple|249983
Informatica|T_0383_4N36-022|0195949654725|MXK73D/A|50|122.16|Apple Magic tastiera Universale USB + Bluetooth QWERTZ Tedesco Bianco|https://static.scaboo.com/images/_ext/1/2/3/123025402.jpg|La Magic Keyboard è disponibile anche con Touch ID, che ti permette di autenticarti in modo semplice e immediato per login e acquisti sicuri. La Magic Keyboard con Touch ID e tastierino numerico è una tastiera wireless comodissima, che risponde in modo preciso a ogni tuo tocco. Ha un layout più spazioso, completo di controlli per scorrere rapidamente i documenti e tasti freccia di dimensioni standard, perfetti per chi gioca. Il tastierino numerico è l’ideale per lavorare con fogli di calcolo e applicazioni finanziarie. La batteria integrata dura così tanto che potrai scrivere per almeno un mese prima di doverla ricaricare. E grazie alla tecnologia wireless, la tastiera si abbina automaticamente al tuo Mac, così puoi metterti subito al lavoro. Ha una porta USB-C ed è provvista di un cavo di ricarica USB-C intrecciato, per collegarla e ricaricarla tramite la porta USB-C del Mac. Compatibilit&#224; sistema operativo Mac Mac OS X, MacOS Dimensioni tastiera (WxDxH) 418,7 x 114,9 x 10,9 mm Peso della tastiera 369 g Tipologia alimentazione Batteria, USB tipo di batteria tastiera Batteria integrata Fonte di ricarica USB tipo-C Utilizzo raccomandato Universale Tecnologia di connessione Con cavo e senza cavo Interfaccia dispositivo USB + Bluetooth Struttura tastiera QWERTZ Linguaggio tastiera Tedesco Dispositivo di puntatura No Tastiera numerica S&#236; Tasti multimediali S&#236; Lettore di impronte digitali S&#236; Numero di prodotti inclusi 1 pz Cavi inclusi USB tipo-C Compatibilit&#224; MacBook Air (13-inch, M3, 2024)MacBook Air (15-inch, M3, 2024)MacBook Air (15-inch, M2, 2023)MacBook Air (13-inch, M2, 2022)MacBook Air (M1, 2020)MacBook Pro (14\u2011inch, 2023)MacBook Pr Colore del prodotto Bianco Mouse incluso No Connettore USB USB tipo-C|13.5|Accessori|Cavi E Accessori|Apple|249983
Informatica|T_0383_4M38-00F|0195949655968|MXK53Z/A|50|53.7|Apple Magic mouse Ufficio Ambidestro Bluetooth|https://static.scaboo.com/images/_ext/1/2/3/123023625.jpg|Magic Mouse è wireless e ricaricabile. Ha una base di appoggio stabile che scivola alla perfezione sulla scrivania, e sulla superficie Multi-Touch puoi compiere gesti intuitivi come sfogliare le pagine web o scorrere documenti. Grazie alla batteria integrata ricaricabile, puoi usare il tuo Magic Mouse anche per oltre un mese prima di doverlo ricaricare. Subito pronto all’uso, il Magic Mouse si abbina automaticamente al tuo Mac e, tramite il cavo intrecciato USB-C fornito in dotazione, puoi collegarlo alla porta USB-C del computer per ricaricarlo. Compatibilit&#224; sistema operativo Mac S&#236; Sistema operativo mobile supportato iPadOS Larghezza 57,1 mm Profondit&#224; 113,5 mm Altezza 21,6 mm Peso 99 g Alimentazione Batterie Porta di ricarica USB Type-C S&#236; Ricaricabile S&#236; Tipo batteria Batteria integrata Quantit&#224; per pacco 1 pz Compatibilit&#224; iPad ModelsiPad Pro 13-inch (M4)iPad Pro 12.9-inch (6th generation)iPad Pro 12.9-inch (5th generation)iPad Pro 12.9-inch (4th generation)iPad Pro 12.9-inch (3rd generation)iPad Pro 12.9-in Fattore di forma Ambidestro Colore del prodotto Bianco Colorazione superficie Monocromatico Utilizzo Ufficio Interfaccia dispositivo Bluetooth Tipo di scorimmento Touch Tipo di pulsanti Tasti touch|13.5|Accessori|Cavi E Accessori|Apple|249983
Informatica|T_0383_1B01-397|0195949686283|MXN53ZM/A|50|41.72|Apple MXN53ZM/A Caricabatterie per dispositivi mobili Cuffie, Computer portatile, Smartphone Bianco AC Interno|https://static.scaboo.com/images/_ext/1/2/2/122087382.jpg|Portata termica nominale 70 W Colore del prodotto Bianco Tipo di caricatore Interno Compatibilit&#224; caricatore Cuffie, Computer portatile, Smartphone Tipologia alimentazione AC Numero di dispositivi connessi simultaneamente (max) 1 Quantit&#224; di porte USB Tipo C 1 Compatibilit&#224; iPhone ModelsiPhone 16 ProiPhone 16 Pro MaxiPhone 16iPhone 16 PlusiPhone 15 ProiPhone 15 Pro MaxiPhone 15iPhone 15 PlusMac ModelsMacBook Air (13-inch, M3, 2024)MacBook Air (15-in|13.5|Accessori|Cavi E Accessori|Apple|249983
Informatica|T_0383_4820-42L|0195949690457|MXN43ZM/A|26|104.42|Apple Pencil (2nd Generation) penna per PDA 18,2 g Bianco|https://static.scaboo.com/images/_ext/1/2/8/128678023.jpg|Peso 18,2 g Larghezza 8,9 mm Altezza 166 mm Quantit&#224; per pacco 1 pz Compatibilit&#224; dispositivo Tablet Compatibilit&#224; marca Apple Colore del prodotto Bianco Compatibilit&#224; iPad\u00a0Pro 12.9-inch (6th\u00a0generation); iPad Pro 12.9-inch (5th\u00a0generation); iPad Pro 12.9-inch (4th\u00a0generation); iPad Pro 12.9-inch (3rd\u00a0generation); iPad\u00a0Pro 11-inch (4th\ Bluetooth S&#236;|13.5|Accessori|Cavi E Accessori|Apple|249983
Informatica|T_0383_1T60-07N|0195950178319|MDEJ4ZM/A|11|54.34|Apple Smart Folio per iPad (A16) - Bianco|https://static.scaboo.com/images/_ext/1/2/9/129044905.jpg|La Smart Folio per iPad (A16) è una custodia sottile e leggera che protegge il tuo dispositivo su entrambi i lati, lo riattiva in automatico quando la apri e lo mette in standby una volta chiusa. Si aggancia magneticamente, e ripiegandola diventa un pratico sostegno per leggere, guardare film, scrivere o videochiamare con FaceTime. Quantit&#224; per pacco 1 pz Larghezza imballo 189 mm Profondit&#224; imballo 256 mm Altezza imballo 18 mm Peso dell'imballo 470 g Batteria inclusa No Capienza massima dimensioni dello schermo 27,9 cm (11) Tipologia custodia Custodia a libro Colore principale del prodotto Bianco Compatibilit&#224; marca Apple Altoparlanti incorporati No Modalit&#224; supporto S&#236; Compatibilit&#224; iPad (A16)iPad (10th Gen) Tipo di chiusura Chiusura magnetica Tracolla No Funzione sveglia/sonno automatica S&#236;|13.5|Accessori|Cavi E Accessori|Apple|249983
Informatica|T_0383_1T60-07Q|0195950178357|MDEP4ZM/A|11|54.34|Apple Smart Folio per iPad (A16) - Anguria|https://static.scaboo.com/images/_ext/1/2/9/129044933.jpg|La Smart Folio per iPad (A16) è una custodia sottile e leggera che protegge il tuo dispositivo su entrambi i lati, lo riattiva in automatico quando la apri e lo mette in standby una volta chiusa. Si aggancia magneticamente, e ripiegandola diventa un pratico sostegno per leggere, guardare film, scrivere o videochiamare con FaceTime. Quantit&#224; per pacco 1 pz Larghezza imballo 189 mm Profondit&#224; imballo 256 mm Altezza imballo 18 mm Peso dell'imballo 470 g Batteria inclusa No Capienza massima dimensioni dello schermo 27,9 cm (11) Tipologia custodia Custodia a libro Colore principale del prodotto Rosso Compatibilit&#224; marca Apple Altoparlanti incorporati No Modalit&#224; supporto S&#236; Compatibilit&#224; iPad (A16)iPad (10th Gen) Tipo di chiusura Chiusura magnetica Tracolla No Funzione sveglia/sonno automatica S&#236;|13.5|Accessori|Cavi E Accessori|Apple|249983
Informatica|T_0383_1Q07-038|0196388144204|W8Y-00002|50|43.97|Microsoft Surface 65W Power Supply Computer portatile, Tablet Nero AC Interno|https://static.scaboo.com/images/_ext/1/1/5/115151968.jpg|Larghezza 90 mm Profondit&#224; 50 mm Altezza 25 mm Peso 250 g Adattatore dissipazione di potenza AC 65 W Cavi inclusi AC Colore del prodotto Nero Lunghezza cavo 1,7 m Tipo di caricatore Interno Compatibilit&#224; caricatore Computer portatile, Tablet Tipologia alimentazione AC Numero di dispositivi connessi simultaneamente (max) 2 Quantit&#224; porte USB 2.0 1 Compatibilit&#224; Surface Laptop Go 2Surface Laptop GoSurface Book 2Surface BookSurface Laptop 5Surface Laptop 4Surface Laptop 3Surface Laptop 2Surface LaptopSurface Pro XSurface Pro 7Surface Pro Paese di origine Cina|13.5|Accessori|Cavi E Accessori|Microsoft|249983
Informatica|T_0383_1T27-033|0196388338368|8X6-00149|30|144.87|Microsoft Surface Pro Keyboard with Slim Pen QWERTZ Tedesco Microsoft Cover port Beige|https://static.scaboo.com/images/_ext/1/2/1/121039049.jpg|Sistema operativo Windows supportato Windows 10, Windows 11 Tecnologia di connessione Docking Interfaccia dispositivo Microsoft Cover port Larghezza 289,1 mm Profondit&#224; 226,1 mm Altezza 4,89 mm Peso 294 g Alimentazione Dock Struttura tastiera QWERTZ Linguaggio tastiera Tedesco Dispositivo di puntatura Touchpad Tastiera numerica No Tasti Windows S&#236; Compatibilit&#224; marca Microsoft Compatibilit&#224; Surface Pro 10;Surface Pro 9;Surface Pro 8;Surface Pro X Colore del prodotto Beige Copertura S&#236; Nome del colore Dune|13.5|Accessori|Cavi E Accessori|Microsoft|249983
Informatica|T_0383_1T27-031|0196388355648|8X6-00172|50|144.82|Microsoft Surface Pro Keyboard with Slim Pen QWERTZ Tedesco Microsoft Cover port Nero|https://static.scaboo.com/images/_ext/1/2/0/120926258.jpg|Sistema operativo Windows supportato Windows 10, Windows 11 Tecnologia di connessione Docking Interfaccia dispositivo Microsoft Cover port Larghezza 289,1 mm Profondit&#224; 226,1 mm Altezza 4,89 mm Peso 294 g Alimentazione Dock Struttura tastiera QWERTZ Linguaggio tastiera Tedesco Dispositivo di puntatura Touchpad Tastiera numerica No Tasti Windows S&#236; Compatibilit&#224; marca Microsoft Compatibilit&#224; Surface Pro 10;Surface Pro 9;Surface Pro 8;Surface Pro X Colore del prodotto Nero Copertura S&#236;|13.5|Accessori|Cavi E Accessori|Microsoft|249983
Informatica|T_0383_1T27-032|0196388357550|8X6-00218|38|157.76|Microsoft Surface Pro Keyboard with Slim Pen QWERTZ Tedesco Microsoft Cover port Platino|https://static.scaboo.com/images/_ext/1/2/0/120874587.jpg|Sistema operativo Windows supportato Windows 10, Windows 11 Tecnologia di connessione Docking Interfaccia dispositivo Microsoft Cover port Larghezza 289,1 mm Profondit&#224; 226,1 mm Altezza 4,89 mm Peso 294 g Alimentazione Dock Struttura tastiera QWERTZ Linguaggio tastiera Tedesco Dispositivo di puntatura Touchpad Tastiera numerica No Tasti Windows S&#236; Compatibilit&#224; marca Microsoft Compatibilit&#224; Surface Pro 10;Surface Pro 9;Surface Pro 8;Surface Pro X Colore del prodotto Platino Copertura S&#236;|13.5|Accessori|Cavi E Accessori|Microsoft|249983
Informatica|T_0383_1T27-02Y|0196388357765|8XA-00242|29|101.12|Microsoft Surface Pro Keyboard with pen storage QWERTZ Tedesco Microsoft Cover port Platino|https://static.scaboo.com/images/_ext/1/2/1/121039028.jpg|Sistema operativo Windows supportato Windows 10, Windows 11 Tecnologia di connessione Docking Interfaccia dispositivo Microsoft Cover port Larghezza 289,1 mm Profondit&#224; 226,1 mm Altezza 4,89 mm Peso 281 g Alimentazione Dock Struttura tastiera QWERTZ Linguaggio tastiera Tedesco Dispositivo di puntatura Touchpad Tastiera numerica No Tasti Windows S&#236; Compatibilit&#224; marca Microsoft Compatibilit&#224; Surface Pro (11 Edition);Surface Pro 10;Surface Pro 9;Surface Pro 8 Colore del prodotto Platino Copertura S&#236; Materiale della scocca Alcantara Accelerometro S&#236;|13.5|Accessori|Cavi E Accessori|Microsoft|249983
Informatica|T_0383_1Q07-039|0196388386604|EP2-04194|50|72.21|Microsoft Surface Keyboard (2nd Edition) tastiera Casa/ufficio Bluetooth QWERTZ Tedesco Grigio|https://static.scaboo.com/images/_ext/1/2/2/122387653.jpg|Sistema operativo Windows supportato Windows 11 Compatibilit&#224; sistema operativo Mac Mac OS X 10.10 Yosemite, Mac OS X 10.11 El Capitan, Mac OS X 10.12 Sierra, Mac OS X 10.13 High Sierra, Mac OS X 10.14 Mojave, Mac OS X 10.15 Catalina, Mac OS X 10.15.3 Catalina, Mac OS X 11.0 Big Sur, Sistema operativo mobile supportato Android 10.0, Android 11.0, Android 12.0, Android 13.0, Android 14.0, Android 4.4, Android 5.0, Android 5.1, Android 6.0, Android 7.0, Android 7.1, Android 7.1.2, Android 8.0, Android 8.1, Android 9.0 Dimensioni tastiera (WxDxH) 112,6 x 420,9 x 19,3 mm Peso della tastiera 419,3 g Tipologia alimentazione Batteria Porta di ricarica USB Type-C No tipo di batteria tastiera Mini Stilo AAA numero di batterie (tastiera) 2 Tecnologia batteria Alcalino Vita della batteria 12 mese(i) Utilizzo raccomandato Casa/ufficio Tecnologia di connessione Wireless Interfaccia dispositivo Bluetooth Struttura tastiera QWERTZ Linguaggio tastiera Tedesco Dispositivo di puntatura No Fattore di forma tastiera Full-size (100%) Tastiera numerica S&#236; Durata operativa dei tasti della tastiera 5000000 milioni di caratteri Tasti Windows S&#236; Tasto copilota S&#236; Tasti di scelta rapida S&#236; Tasti multimediali S&#236; Banda di frequenza 2.4 GHz Versione Bluetooth 4.1 Bluetooth Low Energy (BLE) S&#236; Numero di prodotti inclusi 1 pz Adattatore AC/DC No Batterie incluse S&#236; Colore del prodotto Grigio Stile tastiera Curvo Colorazione superficie Monocromatico Mouse incluso No Range wireless 10 m|13.5|Accessori|Cavi E Accessori|Microsoft|249983
Informatica|T_0383_1Q07-03C|0196388443949|EP2-19987|26|129.87|Microsoft Surface USB4 Dock Cablato Nero|https://static.scaboo.com/images/_ext/1/2/8/128642749.jpg|Tecnologia di connessione Cablato Interfaccia host USB4 Quantit&#224; porte USB 2.0 0 Quantit&#224; di porte USB 3.2 Gen 1 (3.1 Gen 1) di tipo A 0 Quantit&#224; porte HDMI 1 Microfono, spinotto d'ingresso No Uscite per cuffie 0 Quantit&#224; di porte USB 3.2 Gen 2 (3.1 Gen 2) di tipo A 1 Numero di porte USB4 2 Alimentazione USB S&#236; Fornitura di alimentazione USB fino a 100 W Versione HDMI 2.1 Larghezza 120 mm Profondit&#224; 60 mm Altezza 15 mm Peso 206 g Tipologia alimentazione USB Connettore di alimentazione USB tipo-C Alimentazione 100 W Collegamento ethernet LAN S&#236; Quantit&#224; porte Ethernet LAN (RJ-45) 1 Velocit&#224; trasferimento Ethernet LAN 1000 Mbit/s Wake-on-LAN ready S&#236; Colore del prodotto Nero Lettore di schede integrato No Numero di display supportati 2 Tempo massimo di refresh 60 Hz Blocco cavo S&#236; Tipologia slot blocco cavo Kensington Indicatori LED S&#236;|13.5|Accessori|Cavi E Accessori|Microsoft|249983
Informatica|T_0383_1128-35K|0198828181442|A1JJ8ES#ABD|50|556.74|HP ProOne 440 G9 Intel® Core™ i3 i3-13100T 60,5 cm (23.8) 1920 x 1080 Pixel Touch screen PC All-in-one 16 GB DDR4-SDRAM 512 GB SSD Windows 11 Pro Wi-Fi 6E (802.11ax) Nero, Argento|https://static.scaboo.com/images/_ext/1/2/2/122891428.jpg|Famiglia processore Intel&#174; Core\u2122 i3 Produttore processore Intel Modello del processore i3-13100T Generazione del processore Intel Core i3-13xxx Numero di core del processore 4 Numero di threads del processore 8 Frequenza del processore turbo massima 4,2 GHz Core delle prestazioni 4 Cores efficienti 0 Frequenza del Processore Turbo Massima Performance-core 4,2 GHz Frequenza di base del core delle prestazioni 2,5 GHz Cache processore 12 MB Tipo di cache del processore Cache intelligente Potenza di base del processore 35 W Massima potenza turbo 69 W RAM installata 16 GB RAM massima supportata 64 GB Tipo di RAM DDR4-SDRAM Slot memoria 2 tipo di slot di memoria SO-DIMM Velocit&#224; memoria 3200 MHz Struttura memoria 1 x 16 GB Dimensioni diagonale schermo 60,5 cm (23.8) Risoluzione del display 1920 x 1080 Pixel Touch screen S&#236; Tipologia HD Full HD Rapporto d'aspetto nativo 16:9 Luminosit&#224; schermo 250 cd/m&#178; Schermo antiriflesso S&#236; Altoparlanti incorporati S&#236; Microfono incorporato S&#236; Quantit&#224; porte USB 2.0 0 Quantit&#224; di porte USB 3.2 Gen 1 (3.1 Gen 1) di tipo A 2 Quantit&#224; di porte USB 3.2 Gen 1 (3.1 Gen 1) di tipo C 0 Quantit&#224; di porte USB 3.2 Gen 2 (3.1 Gen 2) di tipo A 3 Quantit&#224; di porte USB 3.2 Gen 2 (3.1 Gen 2) di tipo C 1 Quantit&#224; porte USB4 Gen 3&#215;2 0 Quantit&#224; porte HDMI 1 Quantit&#224; porte Ethernet LAN (RJ-45) 1 Versione HDMI 1.4 Quantit&#224; DisplayPorts 1 Larghezza (con supporto) 539,3 mm Profondit&#224; (con supporto) 225 mm Altezza (con supporto) 379,4 mm Peso (con supporto) 7,77 kg Adattatore dissipazione di potenza AC 120 W Wi-Fi S&#236; Wi-Fi standard Wi-Fi 6E (802.11ax) Collegamento ethernet LAN S&#236; Bluetooth S&#236; Produttore del controller WLAN Intel Modello di dispositivo di controllo WLAN Intel Wi-Fi 6E AX211 Tipo di antenna 2x2 Versione Bluetooth 5.3 Capacit&#224; totale di archiviazione 512 GB Supporto di memoria SSD Tipo drive ottico No Numero di SSD installati 1 Capacit&#224; SSD 512 GB Interfaccia Solid State Drive (SSD) PCI Express Dimensione SSD M.2 Sistema operativo incluso Windows 11 Pro Fotocamera integrata S&#236; Megapixel totali 5 MP Segmento HP Business Colore del prodotto Nero, Argento Adattatore di scheda grafica separato No Scheda grafica dedicata Non disponibile Scheda grafica integrata S&#236; Modello scheda grafica integrata Intel UHD Graphics 730 Produttore di GPU integrato Intel Famiglia dell'adattatore della scheda grafica integrata Intel&#174; UHD Graphics Tipo di prodotto PC All-in-one Chipset scheda madre Intel Q670 Modulo della piattaforma fidata (TPM) S&#236; Password BIOS S&#236;|13.5|Personal Computer|Tower pc|Hp|249983
Informatica|T_0383_3509-5F8|0718037861494|WDBWLG0060HBK-EESN|24|158.59|Western Digital WDBWLG0060HBK disco rigido esterno 6000 GB Nero|https://static.scaboo.com/images/_ext/3/9/2/39284622.jpg|Capacit&#224; hard disk 6000 GB Tipo HDD Maximum data transfer rate 5000 Mbit/s Connettore USB Micro-USB B Wi-Fi No Tecnologia Thunderbolt No Versione USB 3.0 (3.1 Gen 1) Larghezza 48 mm Profondit&#224; 135 mm Altezza 165,8 mm Peso 950 g Bus powered No Intervallo temperatura di funzionamento 5 - 35 &#176;C Intervallo di temperatura -20 - 65 &#176;C Cavi inclusi USB Guida utente S&#236; Colore del prodotto Nero Plug & Play S&#236; Sistema operativo Windows supportato S&#236; Compatibilit&#224; sistema operativo Mac S&#236;|13.5|Hard Disk, Ssd E Nas|Hard Disk Esterni|Western Digital|249983
Informatica|T_0383_3404-26K|0718037893501|WD221KFGX|14|761.26|Western Digital Red Pro 3.5 22000 GB Serial ATA III|https://static.scaboo.com/images/_ext/1/0/0/100905344.jpg|Certificati di sostenibilit&#224; RoHS Larghezza 101,6 mm Altezza 26,1 mm Profondit&#224; 147 mm Peso 670 g Consumi (modalit&#224; stand-by) 1,2 W Consumo energetico (inattivo) 3,4 W Intervallo temperatura di funzionamento 0 - 65 &#176;C Intervallo di temperatura -40 - 70 &#176;C Shock di funzionamento 40 G Shock di non-funzionamento 200 G Quantit&#224; 1 Dimensione hard disk 3.5 Capacit&#224; hard disk 22000 GB Velocit&#224; di rotazione hard disk 7200 Giri/min Interfaccia Serial ATA III Tipo HDD Componente per NAS Hot-swap No Dimensione del buffer HDD 512 MB Velocit&#224; di trasferimento dell'interfaccia del disco rigido 6 Gbit/s Controllo del ripristino degli errori (ERC) S&#236; Formato avanzato (AF) S&#236; Sensore antiurto S&#236; Funzionamento 24/7 S&#236; Ciclo avvio/ferma 600000 Native command queuing (NCQ) S&#236; Limite della frequenza di carico di lavoro 300 TB/anno Rumorosit&#224; (in sospeso) 20 dB Tempo medio tra guasti (MTBF) 1000000 h|13.5|Hard Disk, Ssd E Nas|Hard Disk Interni|Western Digital|249983
Informatica|T_0383_3509-5H7|0718037894539|WDBWLG0200HBK-EESN|15|401.42|Western Digital Elements Desktop hard drive disco rigido esterno 20000 GB Nero|https://static.scaboo.com/images/_ext/9/7/3/97332786.jpg|Capacit&#224; hard disk 20000 GB Connettore USB USB tipo A Versione USB 2.0/3.2 Gen 1 (3.1 Gen 1) Tecnologia Thunderbolt No Wi-Fi No Collegamento ethernet LAN No Peso 900 g Larghezza 48 mm Profondit&#224; 135 mm Altezza 165,8 mm Adattatore esterno S&#236; Intervallo temperatura di funzionamento 5 - 35 &#176;C Range di umidit&#224; di funzionamento -20 - 65% Cavi inclusi USB tipo A Guida rapida S&#236; Colore del prodotto Nero|13.5|Hard Disk, Ssd E Nas|Hard Disk Esterni|Western Digital|249983
Informatica|T_0383_1B09-02T|0879961008024|ST-TCMPHS|15|36.36|Satechi ST-TCMPHS hub di interfaccia USB 3.2 Gen 1 (3.1 Gen 1) Type-C 5000 Mbit/s Argento|https://static.scaboo.com/images/_ext/6/5/5/65527044.jpg|Quantit&#224; porte 4 Interfaccia host USB 3.2 Gen 1 (3.1 Gen 1) Type-C Interfacce hub 3.5mm,HDMI,USB 3.2 Gen 1 (3.1 Gen 1) Type-A,USB 3.2 Gen 1 (3.1 Gen 1) Type-C Quantit&#224; di porte USB 3.2 Gen 1 (3.1 Gen 1) di tipo A 1 Quantit&#224; di porte USB 3.2 Gen 1 (3.1 Gen 1) di tipo C 1 Quantit&#224; porte HDMI 1 Massima risoluzione (HDMI) 3840 x 2160 Pixel Connettore 3.5 mm S&#236; Tipologia alimentazione USB Quantit&#224; per pacco 1 pezzo(i) Velocit&#224; di trasferimento dati 5000 Mbit/s Colore del prodotto Argento Materiale della scocca Alluminio Plug & Play S&#236; Prodotti compatibili 2018 iPad Pro, Samsung Galaxy S9 Plus/S9, 8 Plus/8, Note 9/8, Microsoft Surface Go, Surface Book 2, Google Pixel 3 XL/3, LG V30, Huawei Mate 20, HTC U12+, Microsoft Lumia 950 XL/950 and more. USB|13.5|Accessori|Cavi E Accessori|Satechi|249983
Informatica|T_0383_1Q07-018|0889842103106|WS3-00002|50|35.51|Microsoft Surface mouse Bluetooth Ambidestro|https://static.scaboo.com/images/_ext/3/5/5/35529081.jpg|Sistema operativo Windows supportato Windows 10 Education,Windows 10 Education x64,Windows 10 Enterprise,Windows 10 Enterprise x64,Windows 10 Home,Windows 10 Home x64,Windows 10 Pro,Windows 10 Pro x64,Windows 8,Windows 8 Enterprise,Windo Compatibilit&#224; sistema operativo Mac Mac OS X 10.10 Yosemite,Mac OS X 10.11 El Capitan Sistema operativo mobile supportato Android 4.4,Android 5.0,Windows 10 Mobile Larghezza 64,2 mm Profondit&#224; 33,8 mm Altezza 115,2 mm Peso 90,9 g Alimentazione Batterie Tipo batteria Mini Stilo AAA Numero di batterie 2 Tecnologia batteria Alcalino Vita della batteria 12 mese(i) Batterie incluse S&#236; Fattore di forma Ambidestro Colore del prodotto Grigio Utilizzo Ufficio Interfaccia dispositivo Bluetooth Tipo di scorimmento Rotella Numero di tasti 3 Tipo di pulsanti Tasti premuti Utilizzo raccomandato Universale Banda di frequenza 2.4 GHz Versione Bluetooth 4.1 Bluetooth Low Energy (BLE) S&#236;|13.5|Accessori|Cavi E Accessori|Microsoft|249983
Informatica|T_0383_1Q07-033|0889842778724|8WV-00002|45|75.57|Microsoft Surface Slim Pen 2 penna per PDA 13 g Nero|https://static.scaboo.com/images/_ext/9/3/7/93719578.jpg|Peso 13 g Larghezza 113 mm Profondit&#224; 6,3 mm Altezza 136,8 mm Quantit&#224; per pacco 1 pz Tipo di imballo Scatola Larghezza imballo 53 mm Profondit&#224; imballo 204 mm Altezza imballo 19 mm Peso dell'imballo 70 g Manuale dell'utente S&#236; Peso della batteria 1,5 g Compatibilit&#224; dispositivo Tablet Compatibilit&#224; marca Microsoft Colore del prodotto Nero Compatibilit&#224; Surface Laptop StudioSurface Pro 3 - Surface Pro 8Surface Pro XSurface Duo, Surface Duo 2Surface Go, Go 2, Surface Go 3Surface Hub 2SSurface Laptop 1 - 4Surface Studio 1, 2Surface Book Materiale della scocca Plastica Bluetooth S&#236; Versione Bluetooth 5.0 Tipo batteria Da Incasso Tecnologia batteria Polimeri di litio (LiPo) Durata della batteria 15 h Numero di tasti 2 Paese di origine Cina Numero di livelli per pallet 23 pz Numero di classificazione del controllo delle esportazioni (ECCN) 8473308000 Numero di scatole per strato 12 pz Larghezza scatola principale 274 mm Lunghezza del cartone principale 225 mm Altezza scatola principale 47 mm Peso del cartone principale 993 g Quantit&#224; per cartone principale 10 pz Codice UNSPSC 8471609050|13.5|Accessori|Cavi E Accessori|Microsoft|249983
Informatica|T_0383_4N03-01T|4025112090165|JK-8500DE-0|11|25.73|CHERRY JK-8500 tastiera USB QWERTZ Tedesco Bianco|https://static.scaboo.com/images/_ext/7/5/0/75042119.jpg|Sistema operativo Windows supportato S&#236; Dimensioni tastiera (WxDxH) 463 x 163 x 18 mm Peso della tastiera 910 g Tipologia alimentazione USB Consumo 20 mA Intervallo temperatura di funzionamento 0 - 40 &#176;C Intervallo di temperatura -20 - 60 &#176;C Utilizzo raccomandato Ufficio Interfaccia dispositivo USB Interruttore a chiave per tastiera Interruttore a chiave meccanica Struttura tastiera QWERTZ Linguaggio tastiera Tedesco Dispositivo di puntatura No Fattore di forma tastiera Standard Tastiera numerica S&#236; Numero pulsanti tastiera 105 Durata operativa dei tasti della tastiera 20 milioni di caratteri Tasti Windows S&#236; Tasti di scelta rapida S&#236; Numero di tasti a scelta rapida 10 Tasti multimediali S&#236; Certificazione cURusVDE-GSCEFCC Numero di prodotti inclusi 1 pezzo(i) Larghezza imballo 480 mm Profondit&#224; imballo 210 mm Altezza imballo 24 mm Peso dell'imballo 1,1 kg Tipo di imballo Scatola Lunghezza cavo 1,8 m Retroilluminazione No Stile tastiera Dritto Riposo del polso No Colore del prodotto Bianco Colorazione superficie Monocromatico Funzioni di protezione Resistente agli spruzzi Mouse incluso No Quantit&#224; per pallett 36 pezzo(i)|13.5|Accessori|Cavi E Accessori|Cherry|249983
Informatica|T_0383_4P03-01D|4025112103599|JD-8550DE-2|50|53.11|CHERRY STREAM DESKTOP COMFORT|https://static.scaboo.com/images/_ext/1/2/0/120683682.jpg|CHERRY STREAM DESKTOP COMFORT - Il kit desktop ergonomico e affidabile per un ambiente di lavoro ottimale. Mouse e tastiera: caratteristiche ergonomiche integrate per un ambiente di lavoro confortevole La soluzione STREAM DESKTOP è una combo di due prodotti dalle prestazioni eccellenti. Il design della tastiera wireless è quello della TASTIERA STREAM, una più vendute al mondo. Nel kit STREAM DESKTOP COMFORT, il nuovo mouse wireless ergonomico si presenta come un partner di valore. Il mouse è particolarmente adatto per mani di medie e grandi dimensioni e offre numerosi vantaggi per la salute e il benessere dell'utente. Il design ergonomico del mouse ottico per la mano destra favorisce una postura naturale della mano, che può contribuire a ridurre al minimo il rischio di disagi come dolore al polso o sindrome del tunnel carpale. La tastiera soddisfa tutti i requisiti ergonomici pertinenti. Inoltre, i piedini integrati e in gomma della tastiera supportano l'ergonomia generale. Tecnologia a forbice SX e pulsanti del mouse silenziosi: la combo ideale La tastiera wireless piatta del kit desktop è dotata dell'innovativa tecnologia a forbice SX CHERRY, che garantisce battute precise e prive di rumore. Integrano questo ambiente di lavoro i pulsanti molto silenziosi del mouse, per un funzionamento a impatto sonoro ridottissimo. Dunque insieme, la tastiera e il mouse rappresentano la soluzione per un ambiente di lavoro silenzioso. Wireless e flessibile: massima portata e libertà di configurazione con CHERRY KEYS La tecnologia wireless a 2,4 GHz del mouse e della tastiera offre un'impressionante portata massima di 10 metri, per lavorare in modo flessibile. Il mouse ergonomico per computer a 6 pulsanti consente di navigare senza sforzo nell'uso quotidiano. In particolare, i pulsanti laterali anteriore e posteriore del mouse da PC si rivelano estremamente utili e aumentano la produttività. Per una flessibilità ancora maggiore, è possibile scegliere il software gratuito CHERRY KEYS. È disponibile per il download all'indirizzo www.cherry.de. Con l'ausilio di CHERRY KEYS, la tastiera o il mouse sono personalizzabili con pochi clic. Stabilità e funzionalità combinate: la qualità di CHERRY sulla scrivania CHERRY ha sempre posto particolare attenzione alla stabilità e alla funzionalità. Grazie alla piastra in metallo integrata, la tastiera è perfettamente stabile sulla scrivania e non scivola in alcun modo durante la digitazione. Il mouse, al contrario, si muove senza sforzo sulla superficie. Con una rotellina in metallo di alta qualità, non solo offre un aspetto accattivante, ma anche una qualità duratura. I grandi cuscinetti scorrevoli sulla parte inferiore offrono proprietà di scorrimento ottimali, garantendo un movimento preciso e un uso confortevole. Anche quanto a durata della batteria, STREAM DESKTOP COMFORT spicca in positivo. Con un'eccezionale autonomia massima di 36 mesi, è la scelta perfetta per un uso intenso. I LED di stato integrati per Bloc Maiusc, Bloc Num e Bloc Scorr forniscono segnali chiari quando è necessario sostituire la batteria. Sicurezza e sostenibilità: kit desktop con marchio GS e Blauer Engel Il nostro kit desktop non solo soddisfa i requisiti più elevati in termini di prestazioni, bensì anche per la sicurezza e la responsabilità ambientale. Il marchio GS Geprüfte Sicherheit per la sicurezza testata prende in considerazione tutte le direttive e i regolamenti europei rilevanti in materia di protezione della salute. Inoltre, presenta con orgoglio il riconoscimento tedesco Blauer Engel assegnato ai prodotti particolarmente sostenibili. Sceglie il kit desktop STREAM DESKTOP COMFORT chi desidera vedere soddisfatte e superate le proprie aspettative. Elimina l'ingombro dei cavi e affidati a tecnologie innovative, ergonomia e consapevolezza ambientale per un ambiente di lavoro produttivo, silenzioso e sostenibile. Sistema operativo Windows supportato Windows 10, Windows 11, Windows 7, Windows 8 Dimensioni tastiera (WxDxH) 462,2 x 162,2 x 23,1 mm Peso della tastiera 925 g Dimensioni mouse (LxPxA) 126,7 x 85,2 x 49,7 mm Peso mouse 145 g Tipologia alimentazione Batteria tipo di batteria tastiera Stilo AA numero di batterie (tastiera) 2 Tecnologia batteria Alcalino Vita della batteria 36 mese(i) Consumo di energia 16 mA Intervallo temperatura di funzionamento 0 - 50 &#176;C Intervallo di temperatura -20 - 65 &#176;C Utilizzo raccomandato Casa/ufficio Tecnologia di connessione Wireless Interfaccia dispositivo RF Wireless Interruttore a chiave per tastiera Tasto con meccanismo a forbici Struttura tastiera QWERTZ Linguaggio tastiera Tedesco Dispositivo di puntatura No Fattore di forma tastiera Full-size (100%) Tastiera numerica S&#236; Tecnologia di commutazione dei tasti della tastiera Cherry SX Disposizione fisica ISO Materiale copritasti Acrilonitrile butadiene stirene (ABS) Numero pulsanti tastiera 114 Durata operativa dei tasti della tastiera 20 milioni di caratteri Tasti Windows S&#236; Tasti multimediali S&#236; Distanza di pressione del tasto 2,8 mm Banda di frequenza 2.4 GHz Larghezza imballo 190 mm Profondit&#224; imballo 573 mm Altezza imballo 60 mm Peso dell'imballo 1,5 kg Tipo di imballo Scatola Numero di prodotti inclusi 2 pz Ricevitore incluso S&#236; interfaccia ricevitore senza fili USB tipo A tipo di ricevitore Ricevitore nano Batterie incluse S&#236; Manuale dell'utente S&#236; Retroilluminazione No Colore del prodotto Nero Stile tastiera Dritto Design ergonomico S&#236; Altezza tastiera regolabile S&#236; Colorazione superficie Monocromatico Mouse incluso S&#236; Fattore di forma Mano destra Risoluzione movimento 4000 DPI Numero di tasti 6 Tipo di pulsanti Tasti premuti Rotella di scorrimento S&#236; Tipo di scorimmento Rotella Funzioni bottone Commutatore DPI tipo di batteria mouse Stilo AA Tecnologia della batteria del mouse Alcalino Durata della batteria del mouse 16 mese(i) Range wireless 10 m Certificati di conformit&#224; CE, Cina RoHS, Federal Communications Commission (FCC), REACH, RoHS, UKCA, VDE|13.5|Accessori|Cavi E Accessori|Cherry|249983
Informatica|T_0383_1132-0YF|4046373900314|90031|21|1175.42|CAPTIVA PC Highend Gaming R90-031 (Ryzen 7 5700X/RTX5070 12GB GDDR7/SSD 1TB/32GB/WLAN/Windows 11 Home 64-bit) DDR4-SDRAM NVIDIA GeForce RTX 5070 Nero|https://static.scaboo.com/images/_ext/1/3/0/130074430.jpg|Produttore processore AMD Frequenza del processore 3,4 GHz Numero di core del processore 8 Numero di processori installati 1 RAM installata 32 GB Tipo di RAM DDR4-SDRAM Quantit&#224; porte USB 2.0 2 Quantit&#224; di porte USB 3.2 Gen 1 (3.1 Gen 1) di tipo A 5 Quantit&#224; di porte USB 3.2 Gen 2 (3.1 Gen 2) di tipo A 2 Quantit&#224; porte HDMI 2 Quantit&#224; DisplayPorts 3 Quantit&#224; porte Ethernet LAN (RJ-45) 0 Uscite per cuffie 3 Larghezza 27 mm Profondit&#224; 43 mm Altezza 11 mm Alimentazione 0 W Velocit&#224; trasferimento Ethernet LAN 1000 Mbit/s Wi-Fi standard Wi-Fi 6 (802.11ax) Capacit&#224; totale di archiviazione 1 TB Supporto di memoria SSD Numero di unit&#224; di archiviazione installate 1 Sistema operativo incluso Windows 11 Home Software forniti Norton 360 Security (Testversion), Windows 11 Home (64 Bit) Colore del prodotto Nero Scheda grafica dedicata NVIDIA GeForce RTX 5070 Memoria Grafica Dedicata 12 GB Tipo di prodotto PC Chipset scheda madre AMD B550|13.5|Personal Computer|Tower pc|Captiva|249983
Informatica|T_0383_1005-1LD|4068568993284|CZ1CG-001000|19|1020.11|Apple Mac mini Apple M M4 16 GB 1 TB SSD macOS Sequoia Mini PC Argento|https://static.scaboo.com/images/_ext/1/2/3/123721008.jpg|Famiglia processore Apple M Produttore processore Apple Modello del processore M4 Generazione del processore Apple M 4th Gen Numero di core del processore 10 Core delle prestazioni 4 Cores efficienti 6 Numero di processori installati 1 Modello coprocessore Neural Engine Core coprocessore 16 RAM installata 16 GB Schermo incluso No Quantit&#224; porte USB 2.0 0 Quantit&#224; di porte USB 3.2 Gen 1 (3.1 Gen 1) di tipo A 0 Quantit&#224; di porte USB 3.2 Gen 1 (3.1 Gen 1) di tipo C 0 Quantit&#224; di porte USB 3.2 Gen 2 (3.1 Gen 2) di tipo A 0 Quantit&#224; di porte USB 3.2 Gen 2 (3.1 Gen 2) di tipo C 2 Quantit&#224; porte HDMI 1 Modalit&#224; alternativa DisplayPort USB di Tipo C S&#236; Intel&#174; Thunderbolt 4 S&#236; Quantit&#224; di porte Thunderbolt 4 3 Quantit&#224; porte Ethernet LAN (RJ-45) 1 Uscite per cuffie 1 Larghezza 127 mm Profondit&#224; 127 mm Altezza 50 mm Peso 670 g Alimentazione 155 W Voltaggio di ingresso alimentatore 100 - 240 V Frequenza di ingresso alimentatore 50 - 60 Hz Intervallo temperatura di funzionamento 10 - 35 &#176;C Intervallo di temperatura -40 - 70 &#176;C Range di umidit&#224; di funzionamento 5 - 90% Altitudine di funzionamento 0 - 5000 m Collegamento ethernet LAN S&#236; Wi-Fi S&#236; Velocit&#224; trasferimento Ethernet LAN 10,100,1000 Mbit/s Wi-Fi standard Wi-Fi 6E (802.11ax) Bluetooth S&#236; Versione Bluetooth 5.3 Capacit&#224; totale di archiviazione 1 TB Tipo drive ottico No Supporto di memoria SSD Capacit&#224; SSD totale 1 TB Numero di SSD installati 1 Capacit&#224; SSD 1 TB Sistema operativo incluso macOS Sequoia Software pre-installato App Store, Books, Calendar, Contacts, FaceTime, Find My, Freeform GarageBand, Home, iMovie, iPhone Mirroring, Keynote, Mail, Maps, Messages, Music, News, Notes, Numbers, Pages, Photo Booth, Photos, Po Cavi inclusi AC Lunghezza cavo d'alimentazione 1,8 m Caratteristiche di accessibilit&#224; Sottotitolati, Increase Contrast, Reduce Motion, Siri and Dictation, Switch Control, Text to Speech, Controllo vocale, VoiceOver, Zoom Formati di compressione video H.264, HEVC, ProRes, ProRes RAW Formati video supportati AVI, H.264, HEVC, ProRes Durata della garanzia 1 anno/i Tipo di case Mini PC Colore del prodotto Argento Materiale della scocca Alluminio Adattatore di scheda grafica separato No Scheda grafica integrata S&#236; Scheda grafica dedicata Non disponibile Modello scheda grafica integrata Apple GPU Produttore di GPU integrato Apple Famiglia dell'adattatore della scheda grafica integrata Apple Nuclei adattatori grafici integrati 10 Supporto per l'adattatore grafico 6K integrato S&#236; Tecnologia High Dynamic Range (HDR) Dolby Vision, High Dynamic Range 10 (HDR10), High Dynamic Range 10+ (HDR10 Plus), Hybrid Log-Gamma (HLG), Hybrid Log-Gamma Photo (HLG Photo) Motore di decodifica video S&#236; Motore di codifica video S&#236; Tipo di prodotto Mini PC Altoparlanti incorporati S&#236; Numero di altoparlanti 1 Livello di pressione del suono 5 dB Non contiene Mercurio, PVC/BFR|13.5|Personal Computer|Imac|Apple|249983
Informatica|T_0383_2A45-00W|4260052185421|BG022|23|45.31|be quiet! Pure Base 600 Midi Tower Nero, Argento|https://static.scaboo.com/images/_ext/3/5/5/35551706.jpg|Quantit&#224; di porte USB 3.2 Gen 1 (3.1 Gen 1) di tipo A 2 Ingresso audio S&#236; Uscita audio S&#236; Larghezza 220 mm Profondit&#224; 492 mm Altezza 470 mm Peso 7,44 kg Spessore del materiale 1 mm Dimensioni di hard disk drive supportati 2.5,3.5 Peso dell'imballo 8,74 kg Ventole anteriori installate 1x 140 mm Numero massimo di ventole frontali 3 Diametro delle ventole frontali supportato 120,140 mm Rear fans installed 1x 120 mm Numero massimo ventole posteriori 1 Diametro delle ventole posteriori supportato 120 mm Numero massimo di ventole superiori 3 Diametri delle ventole superiori supportati 120,140 mm capacit&#224; raffreddamento liquidi S&#236; Dimensioni della ventola del radiatore anteriore supportate 120,140,240,280,360 mm Dimensioni della ventola del radiatore posteriore supportate 120 mm Dimensioni della ventola del radiatore superiore supportate 120,140,360 mm Fattore di forma Midi Tower Tipo PC Materiali ABS sintetico, Acciaio Colore del prodotto Nero, Argento Fattore di forma scheda madre supportato ATX,Micro ATX,Mini-ITX Numero di vani per drive 3.5 3 Numero di vani per drive 5.25 2 Finestra laterale No Numero di attacchi da 2.5 6 Numero di vani per drive interni 3.5 3 Numero di attacchi da 5.25 esterni 2 numero di slot espansivi 7 Adatto per Giocare Altezza massima dissipatori CPU 16,5 cm lunghezza massima scheda grafica 28 cm Lunghezza massima PSU 21 cm Certificazione RoHS Fonte di alimentazione inclusa No Fattori di forma di alimentazione supportati ATX|13.5|Accessori|Cavi E Accessori|Be Quiet!|249983
Informatica|T_0383_2A45-01X|4260052188385|BGW39|33|105.67|be quiet! Silent Base 802 Window Black Midi Tower Nero|https://static.scaboo.com/images/_ext/8/6/1/86187676.jpg|Quantit&#224; di porte USB 3.2 Gen 1 (3.1 Gen 1) di tipo A 2 Quantit&#224; di porte USB 3.2 Gen 2 (3.1 Gen 2) di tipo C 1 Ingresso audio S&#236; Uscita audio S&#236; Larghezza 281 mm Profondit&#224; 539 mm Altezza 553 mm Peso 13,2 kg Dimensioni di hard disk drive supportati 2.5,3.5 Larghezza imballo 323 mm Profondit&#224; imballo 651 mm Altezza imballo 615 mm Peso dell'imballo 14,9 kg Ventole anteriori installate 2x 140 mm Numero massimo di ventole frontali 3 Diametro delle ventole frontali supportato 120,140 mm Rear fans installed 1x 140 mm Numero massimo ventole posteriori 1 Diametro delle ventole posteriori supportato 120,140 mm Numero massimo di ventole superiori 3 Diametri delle ventole superiori supportati 120,140 mm capacit&#224; raffreddamento liquidi S&#236; Dimensioni della ventola del radiatore anteriore supportate 120,140,240,280,360,420 mm Dimensioni della ventola del radiatore posteriore supportate 120,140 mm Dimensioni della ventola del radiatore superiore supportate 120,240,360 mm Stand incluso S&#236; Viti incluse S&#236; Fattore di forma Midi Tower Tipo PC Materiali Acrilonitrile butadiene stirene (ABS), Acciaio Colore del prodotto Nero Fattore di forma scheda madre supportato ATX, EATX, micro ATX, Mini-ITX Numero di vani per drive 3.5 3 Finestra laterale S&#236; Numero di attacchi da 2.5 7 numero di slot espansivi 9 Pannello(i) di vetro temprato S&#236; Filtro anti polvere S&#236; Gestione dei cavi ottimizzata S&#236; Pulsante on/off S&#236; Altezza massima dissipatori CPU 18,5 cm lunghezza massima scheda grafica 44,9 cm Lunghezza massima PSU 28,8 cm Certificazione CE, RoHS Fonte di alimentazione inclusa No Posizione alimentazione Fondo Fattori di forma di alimentazione supportati ATX,PS2|13.5|Accessori|Cavi E Accessori|Be Quiet!|249983
Informatica|T_0383_2222-011|4260052188712|BK032|10|29.85|be quiet! SHADOW ROCK SLIM 2 Processore Refrigeratore 13,5 cm Alluminio, Nero, Rame 1 pz|https://static.scaboo.com/images/_ext/9/3/0/93009597.jpg|Conformit&#224; alla sostenibilit&#224; S&#236; Certificati di sostenibilit&#224; CE, RoHS Larghezza 137 mm Profondit&#224; 74 mm Altezza 161 mm Peso 690 g Dimensione della ventola (L x P x A) 135 x 135 x 22 mm Diametro dei condotti termici 6 mm Larghezza imballo 130 mm Profondit&#224; imballo 185 mm Altezza imballo 180 mm Peso dell'imballo 1,1 kg Consumi 1,32 W Tensione stimata 12 V Corrente limitata 0,11 A Thermal Design Power (TDP) 160 W Kit di montaggio S&#236; Viti incluse S&#236; Manuale dell'utente S&#236; Grasso termico S&#236; Dimensioni del dissipatore (AxPxH) 130 x 52 x 161 mm Colore del prodotto Alluminio, Nero, Rame Materiale della piastra di base Rame Numero di ventole 1 ventola(e) Numero di alette 53 Materiale delle alette Alluminio Numero dei condotti termici 4 Connettore ventilatore 4 piedini Adatto per Processore Tipo Refrigeratore Diametro del ventilatore 13,5 cm prese elettriche per processori supportate LGA 1150 (Presa H3), LGA 1151 (Presa H4), LGA 1155 (Socket H2), LGA 1200 (Socket H5), LGA 2011 (Socket R), LGA 2011-v3 (Socket R), LGA 2066, Presa elettrica AM3, Socket AM3+, Presa AM4 Processori compatibili Non supportato Velocit&#224; (massima) di rotazione 1400 Giri/min Rumorosit&#224; (velocit&#224; bassa) 11,5 dB Rumorosit&#224; (velocit&#224; alta) 23,7 dB Supporto per modulazione di larghezza di impulso (PWM) S&#236; Tipo di cuscinetto Cuscinetto da strisciamento Quantit&#224; per pacco 1 pz Tempo medio tra guasti (MTBF) 80000 h Quantit&#224; di cartone da spedizione 16 pz Ampiezza del cartone da spedizione 40 cm Lunghezza del cartone da spedizione 55 cm Altezza del cartone da spedizione 39 cm Peso del cartone da spedizione 19 kg|13.5|Componenti pc|Dissipatori|Be Quiet!|249983
Informatica|T_0383_2F03-00U|4260052188835|BL079|21|49.11|be quiet! Light Wings 140mm PWM Triple Pack high-speed Case per computer Ventilatore 14 cm Nero 3 pz|https://static.scaboo.com/images/_ext/9/5/5/95552528.jpg|Conformit&#224; alla sostenibilit&#224; S&#236; Certificati di sostenibilit&#224; CE, RoHS, WEEE Dimensione della ventola (L x P x A) 140 x 140 x 25 mm Peso ventola 251 g Lunghezza cavo 0,5 m Larghezza imballo 133 mm Profondit&#224; imballo 192 mm Altezza imballo 86,5 mm Peso dell'imballo 1,03 kg Consumi 4,68 W Voltaggio 5 - 13.2 V Tensione stimata 12 V Corrente limitata 0,67 A Corrente di sicurezza 0,39 Ah Viti incluse S&#236; Numero di viti 16 Colore del prodotto Nero Illuminazione a LED S&#236; colore d'illuminazione Multi Connettore ventilatore 4 piedini Adatto per Case per computer Tipo Ventilatore Diametro del ventilatore 14 cm prese elettriche per processori supportate Non supportato Processori compatibili Non supportato Velocit&#224; (massima) di rotazione 2200 Giri/min Rumorosit&#224; (velocit&#224; alta) 31 dB flusso d'aria massimo 71,7 pdc/min Flusso d'aria 121,82 m&#179;/h pressione dell'aria massima 2,3 mmH2O Supporto per modulazione di larghezza di impulso (PWM) S&#236; Tipo di cuscinetto Cuscinetto da strisciamento Quantit&#224; per pacco 3 pz Tempo medio tra guasti (MTBF) 60000 h Quantit&#224; di cartone da spedizione 10 pz Ampiezza del cartone da spedizione 32,3 cm Lunghezza del cartone da spedizione 45,4 cm Altezza del cartone da spedizione 22 cm Peso del cartone da spedizione 10,9 kg|13.5|Tutto Informatica||Be Quiet!|249983
Informatica|T_0383_2B05-0C2|4260052189375|BN332|14|316.04|be quiet! Dark Power Pro 13 1600W alimentatore per computer 20+4 pin ATX ATX Nero|https://static.scaboo.com/images/_ext/1/1/1/111230373.jpg|Conformit&#224; alla sostenibilit&#224; S&#236; Certificati di sostenibilit&#224; CCC, CE, ENERGY STAR, ErP, Federal Communications Commission (FCC), RoHS, Triman, UKCA, WEEE Durata della garanzia 10 anno/i Connettore scheda madre 20+4 pin ATX Lunghezza del cavo di alimentazione della scheda madre 60 cm Numero di connettori SATA 16 Numero di connettori PATA 5 Lunghezza del cavo di alimentazione SATA 500,600,750,800,900,950,1050 mm Lunghezza del cavo di alimentazione della periferica (Molex) 600,750,900,1050 mm Connettore di potenza EPS (8-Pin) S&#236; Connettore di alimentazione EPS (4+4 poli) S&#236; Connettori PCI Express (6+2 pin) 6 Lunghezza del cavo di alimentazione PCI Express 60 cm Lunghezza del cavo di alimentazione CPU 70 cm Connettore ATX (20+4-PIN) S&#236; Connettore PCI Express S&#236; Tipo di cablaggio Modulare Larghezza 150 mm Profondit&#224; 200 mm Altezza 86 mm Peso 2,44 kg Potenza totale 1600 W Tensione di ingresso AC 115 - 240 V Potenza di picco 1700 W Frequenza di ingresso AC 50 - 60 Hz Corrente d'ingresso 15 - 9 A Fattore di potenza 0,99 Potenza combinata (+3.3V) 150 W Potenza combinata (+12V) 1600 W Potenza combinata (+5V) 150 W Potenza combinata (-12V) 6 W Potenza combinata (+5Vsb) 17,5 W Corrente massima di uscita (+3.3V) 25 A Corrente massima di uscita (+12V1) 40 A Corrente massima di uscita (+12V2) 40 A Corrente massima di uscita (+12V3) 45 A Corrente massima di uscita (+12V4) 45 A Corrente massima di uscita (+5V) 25 A Corrente massima di uscita (-12V) 0,5 A Corrente massima di uscita (+5Vsb) 3,5 A Tempo di attesa 18 ms Efficienza 94,5% Funzionalit&#224; di protezione dell'alimentazione Sovracorrente, Sovralimentazione, Sovraccarico, Surriscaldamento, Cortocircuito, Sotto carico Larghezza imballo 253 mm Profondit&#224; imballo 417 mm Altezza imballo 152 mm Peso dell'imballo 6,9 kg Cavi inclusi CPU, PCIe, Peripheral (Molex), SATA Fascetta/Fascette inclusa/incluse S&#236; Colore del prodotto Nero Tipo di raffreddamento Attivo Diametro del ventilatore 13,5 cm Numero di ventole 1 ventola(e) Utilizzo PC Fattore di forma dell'unit&#224; di alimentazione (PSU) ATX Certificazione 80 PLUS 80 PLUS Titanium Versione ATX 3.0 EPS version 2.92 Emissione acustica 31,1 dB Tecnologia dei cuscinetti FDB Tempo medio tra guasti (MTBF) 100000 h Lunghezza del cartone da spedizione 44 cm Ampiezza del cartone da spedizione 32,5 cm Altezza del cartone da spedizione 28,3 cm Peso netto del cartone di spedizione 14,6 kg Quantit&#224; di cartone da spedizione 2 pz|13.5|Tutto Informatica||Be Quiet!|249983
Informatica|T_0383_2222-018|4260052189757|BK034|29|33.48|be quiet! Pure Rock LP Scheda madre Raffreddatore d'aria 9,2 cm Nero 1 pz|https://static.scaboo.com/images/_ext/1/0/7/107110278.jpg|Durata della garanzia 3 anno/i Larghezza 92 mm Profondit&#224; 92 mm Altezza 45 mm Peso 358 g Dimensione della ventola (L x P x A) 92 x 92 x 15 mm Lunghezza cavo 0,26 m Larghezza imballo 131 mm Profondit&#224; imballo 127 mm Altezza imballo 87 mm Peso dell'imballo 520 g Alimentazione 4,2 W Tensione stimata 12 V Corrente limitata 0,35 A Thermal Design Power (TDP) 100 W Tipo di imballo Scatola Cavi inclusi 4 piedini Kit di montaggio S&#236; Viti incluse S&#236; Colore del prodotto Nero Materiale della piastra di base Rame Materiale delle alette Alluminio Connettore ventilatore 4 piedini Ambiente di utilizzo Scheda madre Tipo Raffreddatore d'aria Diametro del ventilatore 9,2 cm Socket Processori supportati LGA 1150 (Socket H3), LGA 1151 (Socket H4), LGA 1155 (Socket H2), LGA 1200 (Socket H5), LGA 1700, Socket AM4, Presa di corrente AM5 Velocit&#224; (massima) di rotazione 2500 Giri/min Rumorosit&#224; (velocit&#224; bassa) 13,3 dB Rumorosit&#224; (velocit&#224; alta) 30,6 dB Supporto per modulazione di larghezza di impulso (PWM) S&#236; Tipo di cuscinetto Cuscinetto da strisciamento Livello di rumore della ventola (min) 13,3 dB Livello di rumore della ventola (max) 30,6 dB Tecnologia dei cuscinetti della ventola Cuscinetto da strisciamento Connettore per pompa (di raffreddamento) 4 piedini Quantit&#224; per pacco 1 pz|13.5|Componenti pc|Dissipatori|Be Quiet!|249983
Informatica|T_0383_2726-005|4260052190227|BGA12|50|40.84|be quiet! RISER CABLE Universale Supporto per scheda grafica|https://static.scaboo.com/images/_ext/1/1/2/112547431.jpg|Quantit&#224; per pacco 1 pz Larghezza imballo 315 mm Profondit&#224; imballo 162 mm Altezza imballo 38 mm Peso dell'imballo 220 g Tipo di chassis compatibile Universale Tipo Supporto per scheda grafica Colore del prodotto Nero Numero di schede grafiche supportate 1 pz Quantit&#224; di slot PCI Express 1 Versione degli slot PCI Express 4.0 Cavo Riser incluso S&#236; Lunghezza del cavo Riser 20 cm Lunghezza del cartone da spedizione 34 cm Ampiezza del cartone da spedizione 21 cm Altezza del cartone da spedizione 34 cm Peso del cartone da spedizione 2,64 kg Quantit&#224; di cartone da spedizione 10 pz|13.5|Accessori|Cavi E Accessori|Be Quiet!|249983
Informatica|T_0383_2A45-023|4260052190609|BGW60|34|104.2|be quiet! Shadow Base 800 Black Midi Tower Nero|https://static.scaboo.com/images/_ext/1/1/1/111112557.jpg|Conformit&#224; alla sostenibilit&#224; S&#236; Certificati di sostenibilit&#224; CE, REACH, RoHS, Triman, UKCA, WEEE Quantit&#224; di porte USB 3.2 Gen 2 (3.1 Gen 2) di tipo C 1 Quantit&#224; di porte USB 3.2 Gen 2 (3.1 Gen 2) di tipo A 2 Ingresso audio S&#236; Uscita audio S&#236; Larghezza 247 mm Profondit&#224; 550 mm Altezza 522 mm Peso 11,7 kg Dimensioni di hard disk drive supportati 2.5,3.5 Larghezza imballo 319 mm Profondit&#224; imballo 575 mm Altezza imballo 628 mm Peso dell'imballo 13,2 kg Ventole anteriori installate 1x 140 mm Numero massimo di ventole frontali 3 Diametro delle ventole frontali supportato 120,140 mm Rear fans installed 1x 140 mm Numero massimo ventole posteriori 1 Diametro delle ventole posteriori supportato 120,140 mm Ventole superiori installate 1x 140 mm Numero massimo di ventole superiori 3 Diametri delle ventole superiori supportati 120,140 mm Numero massimo ventole inferiori 1 Diametro delle ventole inferiori supportato 120,140 mm Velocit&#224; ventole 0 - 1200 Giri/min flusso d'aria massimo 57,4 pdc/min pressione dell'aria massima 0,96 mmH2O capacit&#224; raffreddamento liquidi S&#236; Dimensioni del radiatore anteriore supportate 120,140,240,280,360,420 mm Dimensioni del radiatore posteriore supportate 120 mm Dimensioni del radiatore superiore supportate 120,140,240,280,360,420 mm Fattore di forma Midi Tower Tipo PC Colore del prodotto Nero Fattore di forma scheda madre supportato ATX, EATX, micro ATX, Mini-ITX Numero di vani per drive 3.5 2 Materiali Acrilonitrile butadiene stirene (ABS), Acciaio, Vetro temperato Numero di attacchi da 2.5 4 numero di slot espansivi 7 Finestra laterale S&#236; Pannello(i) di vetro temprato S&#236; Filtro anti polvere S&#236; Tasto reset S&#236; Pulsante on/off S&#236; Altezza massima dissipatori CPU 18 cm lunghezza massima scheda grafica 43 cm Lunghezza massima PSU 30,5 cm Fonte di alimentazione inclusa No Fattori di forma di alimentazione supportati ATX, PS2|13.5|Accessori|Cavi E Accessori|Be Quiet!|249983
Informatica|T_0383_2A45-025|4260052190623|BGW62|17|119.37|be quiet! Shadow Base 800 DX White Midi Tower Bianco|https://static.scaboo.com/images/_ext/1/1/1/111112567.jpg|Conformit&#224; alla sostenibilit&#224; S&#236; Certificati di sostenibilit&#224; CE, REACH, RoHS, Triman, UKCA, WEEE Quantit&#224; di porte USB 3.2 Gen 2 (3.1 Gen 2) di tipo C 1 Quantit&#224; di porte USB 3.2 Gen 2 (3.1 Gen 2) di tipo A 2 Ingresso audio S&#236; Uscita audio S&#236; Larghezza 247 mm Profondit&#224; 550 mm Altezza 522 mm Peso 11,8 kg Dimensioni di hard disk drive supportati 2.5,3.5 Controller a LED S&#236; Larghezza imballo 319 mm Profondit&#224; imballo 575 mm Altezza imballo 628 mm Peso dell'imballo 13,2 kg Ventole anteriori installate 1x 140 mm Numero massimo di ventole frontali 3 Diametro delle ventole frontali supportato 120,140 mm Rear fans installed 1x 140 mm Numero massimo ventole posteriori 1 Diametro delle ventole posteriori supportato 120,140 mm Ventole superiori installate 1x 140 mm Numero massimo di ventole superiori 3 Diametri delle ventole superiori supportati 120,140 mm Numero massimo ventole inferiori 1 Diametro delle ventole inferiori supportato 120,140 mm Velocit&#224; ventole 0 - 1200 Giri/min flusso d'aria massimo 57,4 pdc/min pressione dell'aria massima 0,96 mmH2O capacit&#224; raffreddamento liquidi S&#236; Dimensioni del radiatore anteriore supportate 120,140,240,280,360,420 mm Dimensioni del radiatore posteriore supportate 120 mm Dimensioni del radiatore superiore supportate 140,240,360,120,280,420 mm Fattore di forma Midi Tower Tipo PC Colore del prodotto Bianco Fattore di forma scheda madre supportato ATX, EATX, micro ATX, Mini-ITX Numero di vani per drive 3.5 2 Materiali Acrilonitrile butadiene stirene (ABS), Acciaio, Vetro temperato Numero di attacchi da 2.5 4 numero di slot espansivi 7 Finestra laterale S&#236; Illuminazione S&#236; colore d'illuminazione Multi posizione delle illuminazioni Frontale Pannello(i) di vetro temprato S&#236; Filtro anti polvere S&#236; Tasto reset S&#236; Pulsante on/off S&#236; Altezza massima dissipatori CPU 18 cm lunghezza massima scheda grafica 43 cm Lunghezza massima PSU 30,5 cm Fonte di alimentazione inclusa No Fattori di forma di alimentazione supportati ATX, PS2|13.5|Accessori|Cavi E Accessori|Be Quiet!|249983
Informatica|T_0383_2A45-026|4260052190630|BGW63|14|147.81|be quiet! Shadow Base 800 FX Black Midi Tower Nero|https://static.scaboo.com/images/_ext/1/1/1/111112504.jpg|Conformit&#224; alla sostenibilit&#224; S&#236; Certificati di sostenibilit&#224; CE, REACH, RoHS, Triman, UKCA, WEEE Quantit&#224; di porte USB 3.2 Gen 2 (3.1 Gen 2) di tipo C 1 Quantit&#224; di porte USB 3.2 Gen 2 (3.1 Gen 2) di tipo A 2 Ingresso audio S&#236; Uscita audio S&#236; Larghezza 247 mm Profondit&#224; 550 mm Altezza 522 mm Peso 12,3 kg Dimensioni di hard disk drive supportati 2.5,3.5 Controller a LED S&#236; Larghezza imballo 319 mm Profondit&#224; imballo 575 mm Altezza imballo 628 mm Peso dell'imballo 13,8 kg Ventole anteriori installate 3x 140 mm Numero massimo di ventole frontali 3 Diametro delle ventole frontali supportato 120,140 mm Rear fans installed 1x 140 mm Numero massimo ventole posteriori 1 Diametro delle ventole posteriori supportato 120,140 mm Numero massimo di ventole superiori 3 Diametri delle ventole superiori supportati 120,140 mm Numero massimo ventole inferiori 1 Diametro delle ventole inferiori supportato 120,140 mm Velocit&#224; ventole 0 - 1700 Giri/min flusso d'aria massimo 41,51 pdc/min pressione dell'aria massima 1,66 mmH2O capacit&#224; raffreddamento liquidi S&#236; Dimensioni del radiatore anteriore supportate 120,140,240,280,360,420 mm Dimensioni del radiatore posteriore supportate 120 mm Dimensioni del radiatore superiore supportate 140,240,360,120,280,420 mm Fattore di forma Midi Tower Tipo PC Colore del prodotto Nero Fattore di forma scheda madre supportato ATX, EATX, micro ATX, Mini-ITX Numero di vani per drive 3.5 2 Materiali Acrilonitrile butadiene stirene (ABS), Acciaio, Vetro temperato Numero di attacchi da 2.5 4 numero di slot espansivi 7 Finestra laterale S&#236; Illuminazione S&#236; colore d'illuminazione Multi posizione delle illuminazioni Ventole, Frontale Pannello(i) di vetro temprato S&#236; Filtro anti polvere S&#236; Tasto reset S&#236; Pulsante on/off S&#236; Altezza massima dissipatori CPU 18 cm lunghezza massima scheda grafica 43 cm Lunghezza massima PSU 30,5 cm Fonte di alimentazione inclusa No Fattori di forma di alimentazione supportati ATX, PS2|13.5|Accessori|Cavi E Accessori|Be Quiet!|249983
Informatica|T_0383_2222-01J|4260052190739|BK035|50|49.25|be quiet! DARK ROCK 5 Processore Raffreddatore d'aria 12 cm Nero 1 pz|https://static.scaboo.com/images/_ext/1/2/0/120931970.jpg|Certificati di conformit&#224; CE, RoHS, T&#220;V mark, UKCA, UL, WEEE Larghezza 136 mm Larghezza radiatore 13,6 cm Profondit&#224; radiatore 7,6 cm Altezza radiatore 16,1 cm Profondit&#224; 101 mm Altezza 161 mm Peso 1,03 kg Diametro dei condotti termici 6 mm Lunghezza cavo 0,22 m Larghezza imballo 146 mm Profondit&#224; imballo 198 mm Altezza imballo 224 mm Peso dell'imballo 1,5 kg Tensione stimata 12 V Consumo energetico della ventola 2,4 W Thermal Design Power (TDP) 210 W Corrente di sicurezza 0,2 Ah Corrente ventilatore 0,1 A Kit di montaggio S&#236; Grasso termico S&#236; Colore del prodotto Nero Materiale della piastra di base Rame Numero di ventole 1 ventola(e) Materiale delle alette Alluminio Numero dei condotti termici 6 Connettore ventilatore 4 piedini Ambiente di utilizzo Processore Tipo Raffreddatore d'aria Diametro del ventilatore 12 cm Socket Processori supportati LGA 1150 (Socket H3), LGA 1151 (Socket H4), LGA 1155 (Socket H2), LGA 1200 (Socket H5), LGA 1700, LGA 2066, Socket AM4, Presa di corrente AM5 Velocit&#224; (massima) di rotazione 2100 Giri/min Rumorosit&#224; (velocit&#224; bassa) 11,9 dB Rumorosit&#224; (velocit&#224; alta) 29,8 dB flusso d'aria massimo 55 pdc/min Flusso d'aria 93,5 m&#179;/h pressione dell'aria massima 2,73 mmH2O Supporto per modulazione di larghezza di impulso (PWM) S&#236; Tipo di cuscinetto Cuscinetto fluido dinamico (FDB) Quantit&#224; per pacco 1 pz Tempo medio fra guasti (MTTF) del ventilatore 300000 h Quantit&#224; di cartone da spedizione 12 pz Ampiezza del cartone da spedizione 31 cm Lunghezza del cartone da spedizione 61 cm Altezza del cartone da spedizione 48,3 cm Peso del cartone da spedizione 18,6 kg|13.5|Componenti pc|Dissipatori|Be Quiet!|249983
Informatica|T_0383_2222-01H|4260052190753|BK037|10|75.8|be quiet! Dark Rock Elite Processore Raffreddatore d'aria 13,5 cm Nero 1 pz|https://static.scaboo.com/images/_ext/1/1/5/115751765.jpg|Conformit&#224; alla sostenibilit&#224; S&#236; Certificati di sostenibilit&#224; CE, RoHS, TUV, Triman, UKCA, UL ECOLOGO, WEEE Larghezza 136 mm Larghezza radiatore 13,6 cm Profondit&#224; radiatore 12 cm Altezza radiatore 16,8 cm Profondit&#224; 145 mm Altezza 168 mm Peso 1,34 kg Dimensione della ventola (L x P x A) 135 x 135 x 25 mm Spessore della ventola 2,5 cm Dimensioni della ventola 2 (L x P x A) 135 x 135 x 25 mm Diametro dei condotti termici 6 mm Larghezza imballo 180 mm Profondit&#224; imballo 202 mm Altezza imballo 220 mm Peso dell'imballo 1,78 kg Thermal Design Power (TDP) 280 W Voltaggio del ventilatore 12 V Corrente ventilatore 0,4 A Colore del prodotto Nero Materiale della piastra di base Rame Numero di ventole 2 ventola(e) Materiale delle alette Alluminio Numero dei condotti termici 7 Connettore ventilatore 4 piedini Ambiente di utilizzo Processore Tipo Raffreddatore d'aria Diametro del ventilatore 13,5 cm Socket Processori supportati LGA 1150 (Socket H3), LGA 1151 (Socket H4), LGA 1155 (Socket H2), LGA 1200 (Socket H5), LGA 1700, Socket AM4, Presa di corrente AM5 Rumorosit&#224; (velocit&#224; bassa) 11 dB Rumorosit&#224; (velocit&#224; alta) 25,8 dB Diametro della ventola 2 13,5 cm Velocit&#224; di rotazione della ventola 2 (min) 1500 Giri/min Velocit&#224; di rotazione della ventola 2 (max) 2000 Giri/min Supporto per modulazione di larghezza di impulso (PWM) S&#236; Tecnologia dei cuscinetti della ventola Cuscinetto fluido dinamico (FDB) Quantit&#224; per pacco 1 pz Velocit&#224; del ventilatore (min) 1500 Giri/min Velocit&#224; del ventilatore (max) 2000 Giri/min Tempo medio fra guasti (MTTF) del ventilatore 300000 h Quantit&#224; di cartone da spedizione 12 pz Ampiezza del cartone da spedizione 38 cm Lunghezza del cartone da spedizione 62,5 cm Altezza del cartone da spedizione 46,7 cm Peso del cartone da spedizione 22,8 kg|13.5|Componenti pc|Dissipatori|Be Quiet!|249983
Informatica|T_0383_2222-01K|4260052191132|BW022|38|91.15|be quiet! LIGHT LOOP 360mm Black Processore Raffreddatore di liquidi tutto in uno 36 cm Nero 1 pz|https://static.scaboo.com/images/_ext/1/2/2/122358980.jpg|Certificati di sostenibilit&#224; Triman Certificati di conformit&#224; CE, Federal Communications Commission (FCC), RoHS, UKCA, WEEE Conformit&#224; alla sostenibilit&#224; S&#236; Larghezza radiatore 12 cm Profondit&#224; radiatore 5,2 cm Altezza radiatore 39,7 cm Lunghezza tubo 40 cm Ampiezza dell'idroblocco 9,4 cm Profondit&#224; dell'idroblocco 8,2 cm Altezza dell'idroblocco 7,5 cm Peso 1,48 kg Dimensione della ventola (L x P x A) 120 x 120 x 25 mm Lunghezza cavo 0,5 m Larghezza imballo 205 mm Profondit&#224; imballo 448 mm Altezza imballo 137 mm Peso dell'imballo 2,6 kg Consumo energetico della ventola 5,4 W Voltaggio del ventilatore 12 V Corrente ventilatore 0,45 A Tipo di imballo Scatola Kit di montaggio S&#236; Viti incluse S&#236; Colore del prodotto Nero Materiali radiatore Alluminio Materiale della piastra di base Rame Numero di ventole 3 ventola(e) Illuminazione a LED S&#236; colore d'illuminazione Multi Tipo di connettore LED 3-pin Connettore ventilatore 4 piedini Certificazione CE, FCC, UKCA, RoHS, WEEE, Triman Ambiente di utilizzo Processore Tipo Raffreddatore di liquidi tutto in uno Diametro del ventilatore 36 cm Socket Processori supportati LGA 1150 (Socket H3), LGA 1151 (Socket H4), LGA 1155 (Socket H2), LGA 1200 (Socket H5), LGA 1700, Socket AM4, Socket AM5 Rumorosit&#224; (velocit&#224; bassa) 17,2 dB Rumorosit&#224; (velocit&#224; alta) 36,8 dB Supporto per modulazione di larghezza di impulso (PWM) S&#236; Tecnologia dei cuscinetti della ventola Cuscinetto da strisciamento Connettore per pompa (di raffreddamento) 4 piedini Quantit&#224; per pacco 1 pz Velocit&#224; del motore della pompa 2900 Giri/min Velocit&#224; del motore della pompa (min) 1500 Giri/min Velocit&#224; del motore della pompa (max) 2900 Giri/min Velocit&#224; del ventilatore (max) 2100 Giri/min Tempo medio fra guasti (MTTF) del ventilatore 60000 h Quantit&#224; di cartone da spedizione 4 pz Ampiezza del cartone da spedizione 30 cm Lunghezza del cartone da spedizione 47 cm Altezza del cartone da spedizione 46 cm Peso del cartone da spedizione 11,3 kg|13.5|Componenti pc|Dissipatori|Be Quiet!|249983
Informatica|T_0383_2B05-0CK|4260052191200|BP005EU|22|91.89|be quiet! PURE POWER 12 1000W alimentatore per computer 20+4 pin ATX ATX Nero|https://static.scaboo.com/images/_ext/1/2/3/123144038.jpg|Certificati di sostenibilit&#224; ENERGY STAR, ErP, Triman Durata della garanzia 10 anno/i Certificati di conformit&#224; CB, CE, Federal Communications Commission (FCC), RoHS, UKCA, WEEE, cTUVus Connettore scheda madre 20+4 pin ATX Connettori periferiche (Molex) (4-pin) 1 Lunghezza del cavo di alimentazione della scheda madre 55 cm Numero di connettori SATA 6 Lunghezza del cavo di alimentazione SATA 500,650,800,950 mm Lunghezza del cavo di alimentazione della periferica (Molex) 800 mm Connettori PCI Express (6+2 pin) 3 Connettori di alimentazione PCI Express (12 pin) 1 Lunghezza del cavo di alimentazione PCI Express 60 cm Connettore di potenza CPU (4+4-Pin) S&#236; Lunghezza del cavo di alimentazione CPU 60 cm Tipo di cablaggio Non modulare Larghezza 86 mm Profondit&#224; 160 mm Altezza 150 mm Peso 2,8 kg Potenza totale 1000 W Tensione di ingresso AC 110 - 240 V Potenza di picco 1050 W Frequenza di ingresso AC 50/60 Hz Corrente di ingresso massima (@110V) 12 A Corrente di ingresso massima (@220V) 6 A Fattore di potenza 0,98 Tipo di correttore del fattore di potenza (PFC) Attivo Numero di guide +12 V 1 Potenza combinata (+3.3V) 120 W Potenza combinata (+12V) 1000 W Potenza combinata (+5V) 120 W Potenza combinata (-12V) 3,6 W Potenza combinata (+5Vsb) 15 W Corrente massima di uscita (+3.3V) 22 A Corrente massima di uscita (+12V1) 83,4 A Corrente massima di uscita (+5V) 22 A Corrente massima di uscita (-12V) 0,3 A Corrente massima di uscita (+5Vsb) 3 A Tempo di attesa 17,82 ms Efficienza 90,6% Funzionalit&#224; di protezione dell'alimentazione Sovracorrente, Sovralimentazione, Sovraccarico, Surriscaldamento, Cortocircuito, Surge & inrush protection (SIP), Sotto carico Intervallo temperatura di funzionamento 0 - 40 &#176;C Intervallo di temperatura -20 - 70 &#176;C Range di umidit&#224; di funzionamento 0 - 90% Umidit&#224; 0 - 95% Larghezza imballo 133 mm Profondit&#224; imballo 320 mm Altezza imballo 210 mm Peso dell'imballo 3,2 kg Cavi inclusi AC Fascetta/Fascette inclusa/incluse S&#236; Viti incluse S&#236; Colore del prodotto Nero Tipo di raffreddamento Attivo Diametro del ventilatore 12 cm Numero di ventole 1 ventola(e) Interrutore On/Off S&#236; Utilizzo PC Fattore di forma dell'unit&#224; di alimentazione (PSU) ATX Certificazione 80 PLUS 80 PLUS Gold Versione ATX 3.1 EPS version 2.92 Emissione acustica 31,6 dB Tecnologia dei cuscinetti Lamellare Tempo medio tra guasti (MTBF) 100000 h Lunghezza del cartone da spedizione 56 cm Ampiezza del cartone da spedizione 24 cm Altezza del cartone da spedizione 34 cm Peso netto del cartone di spedizione 13,9 kg Quantit&#224; di cartone da spedizione 4 pz|13.5|Tutto Informatica||Be Quiet!|249983
Informatica|T_0383_2A45-02C|4260052191736|BGW67|11|90.98|be quiet! LIGHT BASE 600 LX Black Midi Tower Nero|https://static.scaboo.com/images/_ext/1/2/1/121344756.jpg|Certificati di conformit&#224; CE, RoHS, UKCA, WEEE Quantit&#224; porte USB 2.0 0 Quantit&#224; di porte USB 3.2 Gen 1 (3.1 Gen 1) di tipo A 0 Quantit&#224; di porte USB 3.2 Gen 2 (3.1 Gen 2) di tipo C 1 Quantit&#224; di porte USB 3.2 Gen 2 (3.1 Gen 2) di tipo A 2 Quantit&#224; di porte USB 3.2 Gen 2x2 Tipo C 0 Ingresso audio S&#236; Uscita audio S&#236; Larghezza 305 mm Profondit&#224; 450 mm Altezza 455 mm Peso 12,1 kg Dimensioni di hard disk drive supportati 2.5,3.5 Larghezza imballo 390 mm Profondit&#224; imballo 523 mm Altezza imballo 554 mm Peso dell'imballo 14,6 kg Controllo della velocit&#224; della ventola S&#236; Ventole laterali installate 3x 120 mm Numero massimo ventole laterali 3 Diametro delle ventole laterali supportato 120 mm Rear fans installed 1x 120 mm Numero massimo ventole posteriori 1 Diametro delle ventole posteriori supportato 120 mm Numero massimo di ventole superiori 3 Diametri delle ventole superiori supportati 120,140 mm Numero massimo ventole inferiori 3 Diametro delle ventole inferiori supportato 120,140 mm Velocit&#224; ventole 1500 - 1600 Giri/min flusso d'aria massimo 51,5 pdc/min Flusso d'aria massimo della ventola 2 48,8 pdc/min pressione dell'aria massima 1,34 mmH2O Pressione massima dell'aria della ventola 2 1,04 mmH2O capacit&#224; raffreddamento liquidi S&#236; Dimensioni del radiatore laterale supportate 120,240 mm Dimensioni della ventola del radiatore inferiore supportate 120,240,360 mm Dimensioni del radiatore posteriore supportate 120 mm Dimensioni del radiatore superiore supportate 120,240,360 mm Supporto per modulazione di larghezza di impulso (PWM) S&#236; Fattore di forma Midi Tower Tipo PC Colore del prodotto Nero Fattore di forma scheda madre supportato ATX, micro ATX, Mini-ITX Numero di vani per drive 3.5 1 Numero di vani per drive 5.25 0 Materiali Acrilonitrile butadiene stirene (ABS), Vetro, SGCC Numero di attacchi da 2.5 2 numero di slot espansivi 7 Finestra laterale S&#236; Adatto per Gaming Illuminazione S&#236; colore d'illuminazione Multi posizione delle illuminazioni Ventole, Frontale Tasto reset S&#236; Pulsante on/off S&#236; Altezza massima dissipatori CPU 17 cm lunghezza massima scheda grafica 40 cm Lunghezza massima PSU 20 cm Fonte di alimentazione inclusa No Fattori di forma di alimentazione supportati ATX, PS2|13.5|Accessori|Cavi E Accessori|Be Quiet!|249983
Informatica|T_0383_2A45-02E|4260052191750|BGW69|31|90.61|be quiet! LIGHT BASE 900 DX Black Full Tower Nero|https://static.scaboo.com/images/_ext/1/2/1/121407272.jpg|Certificati di conformit&#224; CE, RoHS, UKCA, WEEE Quantit&#224; porte USB 2.0 0 Quantit&#224; di porte USB 3.2 Gen 1 (3.1 Gen 1) di tipo A 0 Quantit&#224; di porte USB 3.2 Gen 2 (3.1 Gen 2) di tipo C 1 Quantit&#224; di porte USB 3.2 Gen 2 (3.1 Gen 2) di tipo A 2 Quantit&#224; di porte USB 3.2 Gen 2x2 Tipo C 0 Ingresso audio S&#236; Uscita audio S&#236; Larghezza 327 mm Profondit&#224; 532 mm Altezza 484 mm Peso 15,3 kg Dimensioni di hard disk drive supportati 2.5,3.5 Larghezza imballo 431 mm Profondit&#224; imballo 572 mm Altezza imballo 632 mm Peso dell'imballo 17,7 kg Numero massimo ventole laterali 3 Diametro delle ventole laterali supportato 120,140 mm Numero massimo ventole posteriori 1 Diametro delle ventole posteriori supportato 120,140 mm Numero massimo di ventole superiori 3 Diametri delle ventole superiori supportati 120,140 mm Numero massimo ventole inferiori 3 Diametro delle ventole inferiori supportato 120,140 mm capacit&#224; raffreddamento liquidi S&#236; Dimensioni del radiatore laterale supportate 120,140,240,280,360,420 mm Dimensioni della ventola del radiatore inferiore supportate 120,140,240,280,360,420 mm Dimensioni del radiatore posteriore supportate 120,140 mm Dimensioni del radiatore superiore supportate 120,240,280,360,420 mm Fattore di forma Full Tower Tipo PC Colore del prodotto Nero Fattore di forma scheda madre supportato ATX, EATX, micro ATX, Mini-ATX, XL-ATX Numero di vani per drive 3.5 1 Numero di vani per drive 5.25 0 Materiali Acrilonitrile butadiene stirene (ABS), Vetro, Acciaio Numero di attacchi da 2.5 4 numero di slot espansivi 8 Finestra laterale S&#236; Adatto per Gaming Illuminazione S&#236; colore d'illuminazione Multi posizione delle illuminazioni Frontale Filtro anti polvere S&#236; Altezza massima dissipatori CPU 19 cm lunghezza massima scheda grafica 49,5 cm Lunghezza massima PSU 22,5 cm Fonte di alimentazione inclusa No Fattori di forma di alimentazione supportati ATX, PS2|13.5|Accessori|Cavi E Accessori|Be Quiet!|249983
Informatica|T_0383_2A45-02G|4260052191774|BGW71|19|123.17|be quiet! LIGHT BASE 900 FX Black Full Tower Nero|https://static.scaboo.com/images/_ext/1/2/1/121407281.jpg|Certificati di conformit&#224; CE, RoHS, UKCA, WEEE Quantit&#224; porte USB 2.0 0 Quantit&#224; di porte USB 3.2 Gen 1 (3.1 Gen 1) di tipo A 0 Quantit&#224; di porte USB 3.2 Gen 2 (3.1 Gen 2) di tipo C 1 Quantit&#224; di porte USB 3.2 Gen 2 (3.1 Gen 2) di tipo A 2 Quantit&#224; di porte USB 3.2 Gen 2x2 Tipo C 0 Ingresso audio S&#236; Uscita audio S&#236; Larghezza 327 mm Profondit&#224; 532 mm Altezza 484 mm Peso 16,8 kg Dimensioni di hard disk drive supportati 2.5,3.5 Larghezza imballo 431 mm Profondit&#224; imballo 572 mm Altezza imballo 632 mm Peso dell'imballo 18,7 kg Controllo della velocit&#224; della ventola S&#236; Ventole laterali installate 3x 140 mm Numero massimo ventole laterali 3 Diametro delle ventole laterali supportato 120,140 mm Rear fans installed 1x 140 mm Numero massimo ventole posteriori 1 Diametro delle ventole posteriori supportato 120,140 mm Numero massimo di ventole superiori 3 Diametri delle ventole superiori supportati 120,140 mm Numero massimo ventole inferiori 3 Diametro delle ventole inferiori supportato 120,140 mm Velocit&#224; ventole 1300 - 1500 Giri/min flusso d'aria massimo 56 pdc/min Flusso d'aria massimo della ventola 2 51,37 pdc/min pressione dell'aria massima 1,49 mmH2O Pressione massima dell'aria della ventola 2 1,1 mmH2O capacit&#224; raffreddamento liquidi S&#236; Dimensioni del radiatore laterale supportate 120,140,240,280,360 mm Dimensioni della ventola del radiatore inferiore supportate 120,140,240,280,360,420 mm Dimensioni del radiatore posteriore supportate 120,140 mm Supporto per modulazione di larghezza di impulso (PWM) S&#236; Fattore di forma Full Tower Tipo PC Colore del prodotto Nero Fattore di forma scheda madre supportato ATX, EATX, micro ATX, Mini-ITX, XL-ATX Numero di vani per drive 3.5 1 Numero di vani per drive 5.25 0 Materiali Acrilonitrile butadiene stirene (ABS), Vetro, SGCC Numero di attacchi da 2.5 4 numero di slot espansivi 8 Finestra laterale S&#236; Adatto per Gaming Illuminazione S&#236; colore d'illuminazione Multi posizione delle illuminazioni Ventole, Frontale Filtro anti polvere S&#236; Tasto reset S&#236; Pulsante on/off S&#236; Pulsante di controllo RGB S&#236; Altezza massima dissipatori CPU 19 cm lunghezza massima scheda grafica 49,5 cm Lunghezza massima PSU 22,5 cm Fonte di alimentazione inclusa No Fattori di forma di alimentazione supportati ATX, PS2|13.5|Accessori|Cavi E Accessori|Be Quiet!|249983
Informatica|T_0383_2A45-02K|4260052191804|BG074|50|44.21|be quiet! PURE BASE 501 Airflow Black Midi Tower Nero|https://static.scaboo.com/images/_ext/1/2/2/122189552.jpg|Certificati di conformit&#224; CE, REACH, RoHS Quantit&#224; porte USB 2.0 0 Quantit&#224; di porte USB 3.2 Gen 1 (3.1 Gen 1) di tipo A 0 Quantit&#224; di porte USB 3.2 Gen 2 (3.1 Gen 2) di tipo C 1 Quantit&#224; di porte USB 3.2 Gen 2 (3.1 Gen 2) di tipo A 2 Quantit&#224; di porte USB 3.2 Gen 2x2 Tipo C 0 Ingresso audio S&#236; Uscita audio S&#236; Larghezza 231 mm Profondit&#224; 450 mm Altezza 463 mm Peso 6,8 kg Dimensioni di hard disk drive supportati 2.5,3.5 Larghezza imballo 292 mm Profondit&#224; imballo 518 mm Altezza imballo 503 mm Peso dell'imballo 8 kg Ventole anteriori installate 1x 140 mm Numero massimo di ventole frontali 3 Diametro delle ventole frontali supportato 120,140 mm Rear fans installed 1x 140 mm Numero massimo ventole posteriori 1 Diametro delle ventole posteriori supportato 120,140 mm Numero massimo di ventole superiori 2 Diametri delle ventole superiori supportati 120,140 mm flusso d'aria massimo 57,4 pdc/min pressione dell'aria massima 0,96 mmH2O Dimensioni del radiatore anteriore supportate 120,140,240,280,360 mm Dimensioni del radiatore posteriore supportate 120,140 mm Dimensioni del radiatore superiore supportate 120,240 mm Supporto per modulazione di larghezza di impulso (PWM) S&#236; Fattore di forma Midi Tower Tipo PC Colore del prodotto Nero Fattore di forma scheda madre supportato ATX, micro ATX, Mini-ITX Numero di vani per drive 3.5 2 Numero di vani per drive 5.25 0 Materiali Acrilonitrile butadiene stirene (ABS), Acciaio Numero di attacchi da 2.5 5 numero di slot espansivi 7 Filtro anti polvere S&#236; Tasto reset S&#236; Pulsante on/off S&#236; Altezza massima dissipatori CPU 17,8 cm Lunghezza massima PSU 18 cm Fonte di alimentazione inclusa No Fattori di forma di alimentazione supportati ATX, PS2|13.5|Accessori|Cavi E Accessori|Be Quiet!|249983
Informatica|T_0383_2A45-02L|4260052191811|BG075|38|47.62|be quiet! PURE BASE 501 Airflow White Midi Tower Bianco|https://static.scaboo.com/images/_ext/1/2/2/122189553.jpg|Certificati di conformit&#224; CE, REACH, RoHS Quantit&#224; porte USB 2.0 0 Quantit&#224; di porte USB 3.2 Gen 1 (3.1 Gen 1) di tipo A 0 Quantit&#224; di porte USB 3.2 Gen 2 (3.1 Gen 2) di tipo C 1 Quantit&#224; di porte USB 3.2 Gen 2 (3.1 Gen 2) di tipo A 2 Quantit&#224; di porte USB 3.2 Gen 2x2 Tipo C 0 Ingresso audio S&#236; Uscita audio S&#236; Larghezza 231 mm Profondit&#224; 450 mm Altezza 463 mm Peso 6,8 kg Dimensioni di hard disk drive supportati 2.5,3.5 Larghezza imballo 292 mm Profondit&#224; imballo 518 mm Altezza imballo 503 mm Peso dell'imballo 8 kg Ventole anteriori installate 1x 140 mm Numero massimo di ventole frontali 3 Diametro delle ventole frontali supportato 120,140 mm Rear fans installed 1x 140 mm Numero massimo ventole posteriori 1 Diametro delle ventole posteriori supportato 120,140 mm Numero massimo di ventole superiori 2 Diametri delle ventole superiori supportati 120,140 mm flusso d'aria massimo 57,4 pdc/min pressione dell'aria massima 0,96 mmH2O Dimensioni del radiatore anteriore supportate 120,140,240,280,360 mm Dimensioni del radiatore posteriore supportate 120,140 mm Dimensioni del radiatore superiore supportate 120,240 mm Supporto per modulazione di larghezza di impulso (PWM) S&#236; Fattore di forma Midi Tower Tipo PC Colore del prodotto Bianco Fattore di forma scheda madre supportato ATX, micro ATX, Mini-ITX Numero di vani per drive 3.5 2 Numero di vani per drive 5.25 0 Materiali Acrilonitrile butadiene stirene (ABS), Acciaio Numero di attacchi da 2.5 5 numero di slot espansivi 7 Filtro anti polvere S&#236; Tasto reset S&#236; Pulsante on/off S&#236; Altezza massima dissipatori CPU 17,8 cm Lunghezza massima PSU 18 cm Fonte di alimentazione inclusa No Fattori di forma di alimentazione supportati ATX, PS2|13.5|Accessori|Cavi E Accessori|Be Quiet!|249983
Informatica|T_0383_2A45-02M|4260052191828|BGW74|50|53.02|be quiet! PURE BASE 501 Airflow Window Black Midi Tower Nero|https://static.scaboo.com/images/_ext/1/2/2/122450538.jpg|Certificati di conformit&#224; CE, REACH, RoHS, UKCA Quantit&#224; porte USB 2.0 0 Quantit&#224; di porte USB 3.2 Gen 1 (3.1 Gen 1) di tipo A 0 Quantit&#224; di porte USB 3.2 Gen 2 (3.1 Gen 2) di tipo C 1 Quantit&#224; di porte USB 3.2 Gen 2 (3.1 Gen 2) di tipo A 2 Quantit&#224; di porte USB 3.2 Gen 2x2 Tipo C 0 Ingresso audio S&#236; Uscita audio S&#236; Larghezza 231 mm Profondit&#224; 450 mm Altezza 463 mm Peso 7,2 kg Dimensioni di hard disk drive supportati 2.5,3.5 Larghezza imballo 292 mm Profondit&#224; imballo 518 mm Altezza imballo 503 mm Peso dell'imballo 8,4 kg Ventole anteriori installate 1x 140 mm Numero massimo di ventole frontali 3 Diametro delle ventole frontali supportato 120,140 mm Rear fans installed 1x 140 mm Numero massimo ventole posteriori 1 Diametro delle ventole posteriori supportato 120,140 mm Numero massimo di ventole superiori 2 Diametri delle ventole superiori supportati 120,140 mm flusso d'aria massimo 57,4 pdc/min pressione dell'aria massima 0,96 mmH2O Dimensioni del radiatore anteriore supportate 120,140,240,280,360 mm Dimensioni del radiatore posteriore supportate 120,140 mm Dimensioni del radiatore superiore supportate 120,240 mm Supporto per modulazione di larghezza di impulso (PWM) S&#236; Fattore di forma Midi Tower Tipo PC Colore del prodotto Nero Fattore di forma scheda madre supportato ATX, micro ATX, Mini-ITX Numero di vani per drive 3.5 2 Numero di vani per drive 5.25 0 Materiali Acrilonitrile butadiene stirene (ABS), Acciaio, Vetro temperato Numero di attacchi da 2.5 5 numero di slot espansivi 7 Finestra laterale S&#236; Filtro anti polvere S&#236; Tasto reset S&#236; Pulsante on/off S&#236; Altezza massima dissipatori CPU 17,8 cm Lunghezza massima PSU 18 cm Fonte di alimentazione inclusa No Fattori di forma di alimentazione supportati ATX, PS2|13.5|Accessori|Cavi E Accessori|Be Quiet!|249983
Informatica|T_0383_2222-01T|4260052192498|BK040|50|23.07|be quiet! Pure Rock 3 LX Processore Raffreddatore d'aria 12 cm Nero 1 pz|https://static.scaboo.com/images/_ext/1/2/8/128864593.jpg|Certificati di sostenibilit&#224; Triman Durata della garanzia 3 anno/i Certificati di conformit&#224; CE, RoHS, UKCA, UL, WEEE Larghezza 124 mm Larghezza radiatore 12,4 cm Profondit&#224; radiatore 4,6 cm Altezza radiatore 15,4 cm Profondit&#224; 71 mm Altezza 154 mm Peso 570 g Dimensione della ventola (L x P x A) 120 x 120 x 25 mm Spessore della ventola 2,5 cm Diametro dei condotti termici 6 mm Lunghezza cavo 0,12 m Larghezza imballo 163 mm Profondit&#224; imballo 133 mm Altezza imballo 210 mm Peso dell'imballo 900 g Consumo energetico della ventola 3,6 W Thermal Design Power (TDP) 190 W Voltaggio del ventilatore 12 V Corrente ventilatore 0,15 A Kit di montaggio S&#236; Colore del prodotto Nero Materiale della piastra di base Rame Numero di ventole 1 ventola(e) Materiale delle alette Alluminio Numero dei condotti termici 4 Illuminazione a LED S&#236; colore d'illuminazione Multi Connettore ventilatore 4 piedini Ambiente di utilizzo Processore Tipo Raffreddatore d'aria Diametro del ventilatore 12 cm Socket Processori supportati Intel LGA1851, LGA 1150 (Socket H3), LGA 1151 (Socket H4), LGA 1155 (Socket H2), LGA 1200 (Socket H5), LGA 1700, Socket AM4, Socket AM5 Velocit&#224; (massima) di rotazione 2000 Giri/min Rumorosit&#224; (velocit&#224; bassa) 12,4 dB Rumorosit&#224; (velocit&#224; alta) 31,2 dB flusso d'aria massimo 61,8 pdc/min Flusso d'aria 105,1 m&#179;/h pressione dell'aria massima 2,51 mmH2O Supporto per modulazione di larghezza di impulso (PWM) S&#236; Tipo di cuscinetto Cuscinetto da strisciamento Quantit&#224; per pacco 1 pz Tempo medio fra guasti (MTTF) del ventilatore 60000 h Quantit&#224; di cartone da spedizione 16 pz Ampiezza del cartone da spedizione 34,2 cm Lunghezza del cartone da spedizione 55,2 cm Altezza del cartone da spedizione 45 cm Peso del cartone da spedizione 14,8 kg|13.5|Componenti pc|Dissipatori|Be Quiet!|249983
Informatica|T_0383_2222-01U|4260052192504|BK041|14|28.73|be quiet! Pure Rock Pro 3 Processore Raffreddatore d'aria 12 cm Argento 1 pz|https://static.scaboo.com/images/_ext/1/2/8/128864594.jpg|Certificati di sostenibilit&#224; Triman Durata della garanzia 3 anno/i Certificati di conformit&#224; CE, RoHS, T&#220;V mark, UKCA, UL, WEEE Larghezza 124 mm Larghezza radiatore 12,4 cm Profondit&#224; radiatore 11,4 cm Altezza radiatore 15,5 cm Profondit&#224; 139 mm Altezza 155 mm Peso 1,07 kg Dimensione della ventola (L x P x A) 120 x 120 x 25 mm Spessore della ventola 2,5 cm Diametro dei condotti termici 6 mm Lunghezza cavo 0,12 m Larghezza imballo 178 mm Profondit&#224; imballo 163 mm Altezza imballo 210 mm Peso dell'imballo 1,4 kg Consumo energetico della ventola 3,6 W Thermal Design Power (TDP) 250 W Voltaggio del ventilatore 12 V Corrente ventilatore 0,1 A Kit di montaggio S&#236; Colore del prodotto Argento Materiale della piastra di base Rame Numero di ventole 2 ventola(e) Materiale delle alette Alluminio Numero dei condotti termici 6 Connettore ventilatore 4 piedini Ambiente di utilizzo Processore Tipo Raffreddatore d'aria Diametro del ventilatore 12 cm Socket Processori supportati LGA 1150 (Socket H3), LGA 1151 (Socket H4), LGA 1155 (Socket H2), LGA 1200 (Socket H5), LGA 1700, LGA 1851, Socket AM4, Socket AM5 Velocit&#224; (massima) di rotazione 2000 Giri/min Rumorosit&#224; (velocit&#224; bassa) 14 dB Rumorosit&#224; (velocit&#224; alta) 34,8 dB flusso d'aria massimo 59,6 pdc/min Flusso d'aria 101,2 m&#179;/h pressione dell'aria massima 2,41 mmH2O Supporto per modulazione di larghezza di impulso (PWM) S&#236; Tipo di cuscinetto Cuscinetto da strisciamento Quantit&#224; per pacco 1 pz Tempo medio fra guasti (MTTF) del ventilatore 80000 h Quantit&#224; di cartone da spedizione 16 pz Ampiezza del cartone da spedizione 34,2 cm Lunghezza del cartone da spedizione 55,2 cm Altezza del cartone da spedizione 45 cm Peso del cartone da spedizione 17,9 kg|13.5|Componenti pc|Dissipatori|Be Quiet!|249983
Informatica|T_0383_2222-01W|4260052192528|BK043|50|35.52|be quiet! Pure Rock Pro 3 LX Black Processore Raffreddatore d'aria 12 cm Nero 1 pz|https://static.scaboo.com/images/_ext/1/2/8/128864596.jpg|Certificati di sostenibilit&#224; Triman Durata della garanzia 3 anno/i Certificati di conformit&#224; CE, RoHS, T&#220;V mark, UKCA, UL, WEEE Larghezza 124 mm Larghezza radiatore 12,4 cm Profondit&#224; radiatore 11,4 cm Altezza radiatore 15,5 cm Profondit&#224; 139 mm Altezza 155 mm Peso 1,08 kg Dimensione della ventola (L x P x A) 120 x 120 x 25 mm Spessore della ventola 2,5 cm Diametro dei condotti termici 6 mm Lunghezza cavo 0,12 m Larghezza imballo 178 mm Profondit&#224; imballo 163 mm Altezza imballo 210 mm Peso dell'imballo 1,4 kg Consumo energetico della ventola 5,4 W Thermal Design Power (TDP) 250 W Voltaggio del ventilatore 12 V Corrente ventilatore 0,1 A Kit di montaggio S&#236; Colore del prodotto Nero Materiale della piastra di base Rame Numero di ventole 2 ventola(e) Materiale delle alette Alluminio Numero dei condotti termici 6 Illuminazione a LED S&#236; colore d'illuminazione Multi Connettore ventilatore 4 piedini Ambiente di utilizzo Processore Tipo Raffreddatore d'aria Diametro del ventilatore 12 cm Socket Processori supportati LGA 1150 (Socket H3), LGA 1151 (Socket H4), LGA 1155 (Socket H2), LGA 1200 (Socket H5), LGA 1700, LGA 1851, Socket AM4, Socket AM5 Velocit&#224; (massima) di rotazione 2000 Giri/min Rumorosit&#224; (velocit&#224; bassa) 14 dB Rumorosit&#224; (velocit&#224; alta) 34,8 dB flusso d'aria massimo 61,8 pdc/min Flusso d'aria 105,1 m&#179;/h pressione dell'aria massima 2,51 mmH2O Supporto per modulazione di larghezza di impulso (PWM) S&#236; Tipo di cuscinetto Cuscinetto da strisciamento Quantit&#224; per pacco 1 pz Tempo medio fra guasti (MTTF) del ventilatore 60000 h Quantit&#224; di cartone da spedizione 16 pz Ampiezza del cartone da spedizione 34,2 cm Lunghezza del cartone da spedizione 55,2 cm Altezza del cartone da spedizione 45 cm Peso del cartone da spedizione 17,9 kg|13.5|Componenti pc|Dissipatori|Be Quiet!|249983
Informatica|T_0383_2222-01P|4260052192535|BW024|17|81.48|be quiet! Silent Loop 3 240 mm Processore Raffreddatore di liquidi tutto in uno 12 cm Nero 1 pz|https://static.scaboo.com/images/_ext/1/2/8/128639698.jpg|Certificati di sostenibilit&#224; Triman Durata della garanzia 3 anno/i Certificati di conformit&#224; CE, Federal Communications Commission (FCC), RoHS, UKCA, WEEE Larghezza 120 mm Larghezza radiatore 12 cm Profondit&#224; radiatore 27,7 cm Altezza radiatore 2,7 cm Profondit&#224; 52 mm Lunghezza tubo 40 cm Ampiezza dell'idroblocco 8 cm Profondit&#224; dell'idroblocco 5,6 cm Altezza dell'idroblocco 9,35 cm Altezza 277 mm Peso 1,38 kg Dimensione della ventola (L x P x A) 120 x 120 x 25 mm Lunghezza cavo 0,5 m Larghezza imballo 240 mm Profondit&#224; imballo 321 mm Altezza imballo 140 mm Peso dell'imballo 2,4 kg Consumo energetico della ventola 3,6 W Tensione del LED 5 V Voltaggio del ventilatore 12 V Corrente ventilatore 0,3 A Tipo di imballo Scatola Kit di montaggio S&#236; Viti incluse S&#236; Manuale dell'utente S&#236; Supporto/Supporti per CPU S&#236; Grasso termico S&#236; Colore del prodotto Nero Materiali radiatore Alluminio Materiale della piastra di base Rame Numero di ventole 2 ventola(e) Illuminazione a LED S&#236; colore d'illuminazione Multi Tipo di connettore LED 3-pin Connettore ventilatore 4 piedini Ambiente di utilizzo Processore Tipo Raffreddatore di liquidi tutto in uno Diametro del ventilatore 12 cm Socket Processori supportati Intel LGA1851, LGA 1150 (Socket H3), LGA 1151 (Socket H4), LGA 1155 (Socket H2), LGA 1200 (Socket H5), LGA 1700, Socket AM4, Socket AM5 Rumorosit&#224; (velocit&#224; bassa) 18,7 dB Rumorosit&#224; (velocit&#224; alta) 36,9 dB flusso d'aria massimo 76,7 pdc/min Flusso d'aria 130,3 m&#179;/h pressione dell'aria massima 3,96 mmH2O Supporto per modulazione di larghezza di impulso (PWM) S&#236; Tipo di cuscinetto Cuscinetto fluido dinamico (FDB) Connettore per pompa (di raffreddamento) 4 piedini Quantit&#224; per pacco 1 pz Velocit&#224; del motore della pompa 3500 Giri/min Velocit&#224; del motore della pompa (min) 1700 Giri/min Velocit&#224; del motore della pompa (max) 3500 Giri/min Velocit&#224; del ventilatore (max) 2500 Giri/min Tempo medio fra guasti (MTTF) del ventilatore 300000 h Quantit&#224; di cartone da spedizione 8 pz Ampiezza del cartone da spedizione 28,6 cm Lunghezza del cartone da spedizione 65,8 cm Altezza del cartone da spedizione 50,8 cm Peso del cartone da spedizione 20,5 kg|13.5|Componenti pc|Dissipatori|Be Quiet!|249983
Informatica|T_0383_2222-01R|4260052192559|BW026|50|102.59|be quiet! Silent Loop 3 420 mm Processore Raffreddatore di liquidi tutto in uno 14 cm Nero 1 pz|https://static.scaboo.com/images/_ext/1/2/8/128639700.jpg|Certificati di sostenibilit&#224; Triman Durata della garanzia 3 anno/i Certificati di conformit&#224; CE, Federal Communications Commission (FCC), RoHS, UKCA, WEEE Larghezza 140 mm Larghezza radiatore 14 cm Profondit&#224; radiatore 45,7 cm Altezza radiatore 2,7 cm Profondit&#224; 52 mm Lunghezza tubo 40 cm Ampiezza dell'idroblocco 8 cm Profondit&#224; dell'idroblocco 5,6 cm Altezza dell'idroblocco 9,35 cm Altezza 475 mm Peso 2,01 kg Dimensione della ventola (L x P x A) 120 x 120 x 25 mm Lunghezza cavo 0,5 m Larghezza imballo 204 mm Profondit&#224; imballo 499 mm Altezza imballo 154 mm Peso dell'imballo 3,3 kg Consumo energetico della ventola 3,6 W Tensione del LED 5 V Voltaggio del ventilatore 12 V Corrente ventilatore 0,3 A Tipo di imballo Scatola Kit di montaggio S&#236; Viti incluse S&#236; Manuale dell'utente S&#236; Supporto/Supporti per CPU S&#236; Grasso termico S&#236; Colore del prodotto Nero Materiali radiatore Alluminio Materiale della piastra di base Rame Numero di ventole 3 ventola(e) Illuminazione a LED S&#236; colore d'illuminazione Multi Tipo di connettore LED 3-pin Connettore ventilatore 4 piedini Ambiente di utilizzo Processore Tipo Raffreddatore di liquidi tutto in uno Diametro del ventilatore 14 cm Socket Processori supportati Intel LGA1851, LGA 1150 (Socket H3), LGA 1151 (Socket H4), LGA 1155 (Socket H2), LGA 1200 (Socket H5), LGA 1700, Socket AM4, Socket AM5, Socket TR4, Socket TR5 Rumorosit&#224; (velocit&#224; bassa) 19,4 dB Rumorosit&#224; (velocit&#224; alta) 34,3 dB flusso d'aria massimo 78,4 pdc/min Flusso d'aria 133,2 m&#179;/h pressione dell'aria massima 2,36 mmH2O Supporto per modulazione di larghezza di impulso (PWM) S&#236; Tipo di cuscinetto Cuscinetto fluido dinamico (FDB) Connettore per pompa (di raffreddamento) 4 piedini Quantit&#224; per pacco 1 pz Velocit&#224; del motore della pompa 3500 Giri/min Velocit&#224; del motore della pompa (min) 1700 Giri/min Velocit&#224; del motore della pompa (max) 3500 Giri/min Velocit&#224; del ventilatore (max) 1900 Giri/min Tempo medio fra guasti (MTTF) del ventilatore 300000 h Quantit&#224; di cartone da spedizione 4 pz Ampiezza del cartone da spedizione 42,4 cm Lunghezza del cartone da spedizione 51,1 cm Altezza del cartone da spedizione 33,6 cm Peso del cartone da spedizione 14,8 kg|13.5|Componenti pc|Dissipatori|Be Quiet!|249983
Informatica|T_0383_2A45-02R|4260052192849|BGW77|13|60.28|be quiet! Pure Base 501 DX White Midi Tower Bianco|https://static.scaboo.com/images/_ext/1/2/4/124481857.jpg|Certificati di sostenibilit&#224; Triman Durata della garanzia 3 anno/i Certificati di conformit&#224; CE, RoHS, UKCA, WEEE Quantit&#224; porte USB 2.0 0 Quantit&#224; di porte USB 3.2 Gen 1 (3.1 Gen 1) di tipo A 0 Quantit&#224; di porte USB 3.2 Gen 2 (3.1 Gen 2) di tipo C 1 Quantit&#224; di porte USB 3.2 Gen 2 (3.1 Gen 2) di tipo A 2 Quantit&#224; di porte USB 3.2 Gen 2x2 Tipo C 0 Ingresso audio S&#236; Uscita audio S&#236; Larghezza 231 mm Profondit&#224; 450 mm Altezza 463 mm Peso 7,9 kg Dimensioni di hard disk drive supportati 2.5,3.5 Larghezza imballo 292 mm Profondit&#224; imballo 518 mm Altezza imballo 503 mm Peso dell'imballo 9,2 kg Ventole anteriori installate 1x 140 mm Numero massimo di ventole frontali 3 Diametro delle ventole frontali supportato 120,140 mm Rear fans installed 1x 140 mm Numero massimo ventole posteriori 1 Diametro delle ventole posteriori supportato 120,140 mm Ventole superiori installate 1x 140 mm Numero massimo di ventole superiori 2 Diametri delle ventole superiori supportati 120,140 mm flusso d'aria massimo 57,4 pdc/min Rumorosit&#224; (velocit&#224; alta) 21,9 dB Tensione nominale delle ventole 5 - 13.2 V Corrente nominale della ventola 0,06 A Consumo energetico della ventola 3,6 W pressione dell'aria massima 0,96 mmH2O capacit&#224; raffreddamento liquidi S&#236; Dimensioni del radiatore anteriore supportate 120,140,240,280,360 mm Dimensioni del radiatore posteriore supportate 120,140 mm Dimensioni del radiatore superiore supportate 120,240 mm Supporto per modulazione di larghezza di impulso (PWM) S&#236; Volume 24,4 L Connettore ventilatore 4 piedini Fattore di forma Midi Tower Tipo PC Colore del prodotto Bianco Fattore di forma scheda madre supportato ATX, micro ATX, Mini-ATX Numero di vani per drive 3.5 2 Numero di vani per drive 5.25 0 Materiali Acrilonitrile butadiene stirene (ABS), Vetro, Acciaio Numero di attacchi da 2.5 5 numero di slot espansivi 7 Finestra laterale S&#236; Illuminazione S&#236; colore d'illuminazione Multi posizione delle illuminazioni Frontale Filtro anti polvere S&#236; lunghezza massima scheda grafica 36,8 cm Lunghezza massima PSU 20 cm Fonte di alimentazione inclusa No Fattori di forma di alimentazione supportati ATX, PS2|13.5|Accessori|Cavi E Accessori|Be Quiet!|249983
Informatica|T_0383_2A25-16R|4260133128101|88887178|18|60.63|Inter-Tech IPC 4U-4088-S Supporto Nero|https://static.scaboo.com/images/_ext/2/7/0/27033716.jpg|Quantit&#224; porte USB 2.0 2 Ingresso audio No Uscita audio No Larghezza 485 mm Profondit&#224; 483 mm Altezza 178 mm Peso 10 kg Spessore del materiale 1,2 mm Dimensioni di hard disk drive supportati 2.5,3.5 Larghezza imballo 550 mm Profondit&#224; imballo 590 mm Altezza imballo 270 mm Ventole anteriori installate 1x 120 mm Numero massimo di ventole frontali 1 Diametro delle ventole frontali supportato 120 mm Numero massimo ventole posteriori 2 Diametro delle ventole posteriori supportato 80 mm Fattore di forma Supporto Tipo Server Colore del prodotto Nero Fattore di forma scheda madre supportato ATX, micro ATX, uATX, Mini-ITX Numero di vani per drive 3.5 8 Numero di vani per drive 5.25 3 Materiali Acciaio Numero di attacchi da 2.5 5 Numero di vani per drive interni 3.5 8 Numero di attacchi da 5.25 esterni 3 Montaggio rack S&#236; Capacit&#224; di rack 4U Finestra laterale No Tasto reset S&#236; Indicatori LED Potenza, HDD Certificazione RoHS, CE Fonte di alimentazione inclusa No|13.5|Accessori|Cavi E Accessori|InteR-Tech|249983
Informatica|T_0383_2A25-17D|4260455643788|88881311|14|26.33|Inter-Tech H-606 vane portacomputer Micro-torre Nero|https://static.scaboo.com/images/_ext/6/7/1/67119401.jpg|Quantit&#224; di porte USB 3.0 (3.1 Gen 1) di tipo A 2 Ingresso audio S&#236; Uscita audio S&#236; Larghezza 190 mm Profondit&#224; 390 mm Altezza 405 mm Peso 3,75 kg Dimensioni di hard disk drive supportati 2.5,3.5 Larghezza imballo 250 mm Profondit&#224; imballo 450 mm Altezza imballo 470 mm Peso dell'imballo 4,45 kg Indicatori LED S&#236; Tasto reset S&#236; Pulsante on/off S&#236; Numero massimo di ventole frontali 3 Diametro delle ventole frontali supportato 120 mm Rear fans installed 1x 120 mm Numero massimo ventole posteriori 1 Diametro delle ventole posteriori supportato 120 mm capacit&#224; raffreddamento liquidi S&#236; Fattore di forma Micro-torre Tipo PC Numero di vani per drive 3.5 2 Colore del prodotto Nero Finestra laterale No Numero di attacchi da 2.5 4 Numero di vani per drive interni 3.5 2 Filtro anti polvere S&#236; peso massimo raffreddatore CPU 15 cm lunghezza massima scheda grafica 32 cm Fonte di alimentazione inclusa No Posizione alimentazione Fondo Quantit&#224; per pallett 24 pezzo(i)|13.5|Accessori|Cavi E Accessori|InteR-Tech|249983
Informatica|T_0383_3522-05T|4260557511381|HDTP310EK3AA|50|63.66|Toshiba Canvio Ready disco rigido esterno 1000 GB Nero|https://static.scaboo.com/images/_ext/8/0/4/80473086.jpg|Dimensione hard disk 2.5 Capacit&#224; hard disk 1000 GB Sistema di formato del file NTFS Velocit&#224; massima di trasferimento dati 5000 Mbit/s Connettore USB Micro-USB B Versione USB 3.2 Gen 1 (3.1 Gen 1) Wi-Fi No Collegamento ethernet LAN No Peso 149 g Larghezza 78 mm Profondit&#224; 109 mm Altezza 14 mm Alimentato tramite bus USB Corrente massima 0,9 A Cavi inclusi USB tipo A Colore del prodotto Nero Plug & Play S&#236; Sistema operativo Windows supportato S&#236;|13.5|Hard Disk, Ssd E Nas|Hard Disk Esterni|Toshiba|249983
Informatica|T_0383_3522-05U|4260557511398|HDTP320EK3AA|50|74.49|Toshiba Canvio Ready disco rigido esterno 2000 GB Nero|https://static.scaboo.com/images/_ext/8/0/4/80473080.jpg|Codice del Sistema Armonizzato (SA) 84717050 Dimensione hard disk 2.5 Capacit&#224; hard disk 2000 GB Sistema di formato del file NTFS Velocit&#224; massima di trasferimento dati 5000 Mbit/s Connettore USB Micro-USB B Versione USB 3.2 Gen 1 (3.1 Gen 1) Wi-Fi No Collegamento ethernet LAN No Lettore di schede integrato No Peso 149 g Larghezza 78 mm Profondit&#224; 109 mm Altezza 14 mm Alimentato tramite bus USB Corrente massima 0,9 A Cavi inclusi USB tipo A Colore del prodotto Nero Plug & Play S&#236; Sistema operativo Windows supportato S&#236;|13.5|Hard Disk, Ssd E Nas|Hard Disk Esterni|Toshiba|249983
Informatica|T_0383_3522-05V|4260557511404|HDTP340EK3CA|50|121.34|Toshiba Canvio Ready disco rigido esterno 4000 GB Nero|https://static.scaboo.com/images/_ext/8/0/4/80473078.jpg|Dimensione hard disk 2.5 Capacit&#224; hard disk 4000 GB Sistema di formato del file NTFS Velocit&#224; massima di trasferimento dati 5000 Mbit/s Connettore USB Micro-USB B Versione USB 2.0/3.2 Gen 1 (3.1 Gen 1) Wi-Fi No Collegamento ethernet LAN No Lettore di schede integrato No Peso 217,5 g Larghezza 78 mm Profondit&#224; 109 mm Altezza 19,5 mm Alimentato tramite bus USB Corrente massima 0,9 A Cavi inclusi USB tipo A Colore del prodotto Nero Plug & Play S&#236; Sistema operativo Windows supportato S&#236;|13.5|Hard Disk, Ssd E Nas|Hard Disk Esterni|Toshiba|249983
Informatica|T_0383_3522-063|4260557513279|HDTX220ESCAA|50|87.94|Toshiba Canvio Flex 2 TB disco rigido esterno 2.5 USB tipo A 3.2 Gen 1 (3.1 Gen 1) Argento|https://static.scaboo.com/images/_ext/1/2/4/124953143.jpg|Capacit&#224; hard disk 2 TB Dimensione hard disk 2.5 Sistema di formato del file exFAT Velocit&#224; massima di trasferimento dati 5000 Mbit/s Connettore USB USB tipo A Versione USB 3.2 Gen 1 (3.1 Gen 1) Collegamento ethernet LAN No Peso 155 g Larghezza 78 mm Profondit&#224; 109 mm Altezza 14,3 mm Alimentato tramite bus USB Cavi inclusi USB Type-A to Micro USB Type-B, Da USB tipo C a Micro-USB tipo B Larghezza imballo 111 mm Profondit&#224; imballo 141 mm Altezza imballo 38 mm Peso dell'imballo 247 g Durata della garanzia 3 anno/i Colore del prodotto Argento Tastiera integrata No Sistema operativo Windows supportato Windows 10, Windows 11 Compatibilit&#224; sistema operativo Mac MacOS Sistema operativo mobile supportato Android, iOS Altezza netta pallet 13 cm Profondit&#224; netta pallet 115 cm Larghezza netta pallet 115 cm Peso netto del pallet 24 kg Quantit&#224; per pallett 1350 pz Larghezza scatola principale 123 mm Lunghezza del cartone principale 205 mm Altezza scatola principale 165 mm Peso netto del cartone principale 1,35 kg Quantit&#224; per cartone principale 5 pz|13.5|Hard Disk, Ssd E Nas|Hard Disk Esterni|Toshiba|249983
Informatica|T_0383_3522-064|4260557513286|HDTX240ESCCA|50|121.34|Toshiba Canvio Flex 4 TB USB tipo A 3.2 Gen 1 (3.1 Gen 1) Argento|https://static.scaboo.com/images/_ext/1/2/4/124953144.jpg|Connettore USB USB tipo A Versione USB 3.2 Gen 1 (3.1 Gen 1) Wi-Fi No Tecnologia Thunderbolt No Larghezza 78 mm Profondit&#224; 109 mm Altezza 19,5 mm Peso 202 g Colore del prodotto Argento Capacit&#224; SSD 4 TB NVMe No Velocit&#224; di lettura 5000 MB/s Dimensione SSD 2.5|13.5|Hard Disk, Ssd E Nas|Hard Disk Esterni|Toshiba|249983
Informatica|T_0383_5026-00J|4711081463849|90IG07A0-MO0B00|38|20.05|ASUS PCE-AX1800 BT5.2 Interno WLAN / Bluetooth 1775 Mbit/s|https://static.scaboo.com/images/_ext/9/7/3/97336672.jpg|Sistema operativo Windows supportato Windows 10 x64 Tecnologia di connessione Wireless Interfaccia host PCI Express Interfaccia WLAN / Bluetooth Larghezza 120 mm Profondit&#224; 88 mm Altezza 22 mm Peso 49,4 g Velocit&#224; massima di trasferimento dati 1775 Mbit/s Standard di rete IEEE 802.11a, IEEE 802.11ac, IEEE 802.11ax, IEEE 802.11b, IEEE 802.11g, IEEE 802.11n Wi-Fi S&#236; Banda Wi-Fi Dual-band (2.4 GHz/5 GHz) Wi-Fi standard Wi-Fi 6 (802.11ax) Standard Wi-Fi 802.11a, 802.11b, 802.11g, Wi-Fi 4 (802.11n), Wi-Fi 5 (802.11ac), Wi-Fi 6 (802.11ax) Bluetooth S&#236; Versione Bluetooth 5.2 Larghezza imballo 180 mm Profondit&#224; imballo 138 mm Altezza imballo 50 mm Peso dell'imballo 250 g Interno S&#236; Componente per PC Antenna S&#236; Design dell'antenna Esterno Codice del Sistema Armonizzato (SA) 85176990|13.5|Accessori|Cavi E Accessori|Asus|249983
Informatica|T_0383_5026-00K|4711081764830|90IG07I0-ME0B10|28|21.37|ASUS PCE-AXE5400 Interno WLAN 2402 Mbit/s|https://static.scaboo.com/images/_ext/1/0/3/103130106.jpg|Sistema operativo Windows supportato Windows 10 x64, Windows 11 x64 Tecnologia di connessione Cablato Interfaccia host PCI Express Interfaccia WLAN Peso 49,7 g Velocit&#224; massima di trasferimento dati 2402 Mbit/s Standard di rete IEEE 802.11a, IEEE 802.11ac, IEEE 802.11ax, IEEE 802.11b, IEEE 802.11g, IEEE 802.11n Wi-Fi S&#236; Banda Wi-Fi Tri-band (2,4 GHz/5 GHz/6 GHz) Wi-Fi standard Wi-Fi 6E (802.11ax) Standard Wi-Fi 802.11a, 802.11b, 802.11g, Wi-Fi 4 (802.11n), Wi-Fi 5 (802.11ac), Wi-Fi 6 (802.11ax), Wi-Fi 6E (802.11ax) Bluetooth S&#236; Versione Bluetooth 5.2 Interno S&#236; Componente per PC Antenna S&#236; Design dell'antenna Esterno|13.5|Accessori|Cavi E Accessori|Asus|249983
Informatica|T_0383_4M34-01P|4711081810346|90MP0300-BMUA00|50|22.69|ASUS ROG Strix IMPACT III mouse Mano destra USB tipo A Ottico 12000 DPI|https://static.scaboo.com/images/_ext/1/0/7/107047256.jpg|Sistema operativo Windows supportato Windows 10, Windows 11 Larghezza 126 mm Profondit&#224; 62 mm Altezza 39 mm Peso 59 g Alimentazione Cavo Quantit&#224; 1 Guida rapida S&#236; Lunghezza cavo 2 m Scheda di garanzia S&#236; Fattore di forma Mano destra Colore del prodotto Nero Design ergonomico S&#236; Illuminazione S&#236; colore d'illuminazione Multi Utilizzo Giocare Interfaccia dispositivo USB tipo A Tecnologia di rilevamento del movimento Ottico Tipo di scorimmento Rotella Numero di tasti 6 Tipo di pulsanti Tasti premuti Risoluzione movimento 12000 DPI Velocit&#224; di inseguimento del mouse 300 ips (pollici al secondo) Risoluzione di movimento personalizzabile S&#236; Numero di modalit&#224; di risoluzione dei movimenti 4 Supporto multi-dispositivo S&#236; bottoni del mouse programmabili S&#236; Numero di pulsanti programmabili 5 Numero di rotelle 1 Direzioni di scorrimento Verticale Accelerazione (max) 35 G Polling rate 1000 Hz|13.5|Accessori|Cavi E Accessori|Asus|249983
Informatica|T_0383_2301-9YU|4711081912651|90MB1BZ0-M0EAY0|21|116.6|ASUS TUF GAMING B650-PLUS WIFI AMD B650 Socket AM5 ATX|https://static.scaboo.com/images/_ext/1/0/2/102190576.jpg|Produttore processore AMD Presa per processore Socket AM5 Tipi di memoria supportati DDR5-SDRAM Numero di slot di memoria 4 RAM massima supportata 128 GB tipo di slot di memoria DIMM Canali di memoria Dual-channel Data Integrity Check (verifica integrit&#224; dati) S&#236; Non-ECC S&#236; Velocit&#224; di memoria supportate 4800,5000,5200,5400,5600,5800,6000,6200,6400 MHz Senza buffer S&#236; Larghezza 305 mm Profondit&#224; 244 mm Altezza 50 mm Wi-Fi S&#236; Collegamento ethernet LAN S&#236; Tipo di interfaccia Ethernet 2.5 Gigabit Ethernet, Fast Ethernet, Gigabit Ethernet Wi-Fi standard Wi-Fi 6 (802.11ax) Standard Wi-Fi 802.11a, 802.11b, 802.11g, Wi-Fi 4 (802.11n), Wi-Fi 5 (802.11ac), Wi-Fi 6 (802.11ax) Bluetooth S&#236; Versione Bluetooth 5.2 Connettori USB 2.0 2 Connettori USB 3.2 Gen 1 (3.1 Gen 1) 2 Numero di connettori SATA III 4 Connettore pannello audio frontale S&#236; Connettore ATX (24-PIN) S&#236; Connettore ventola CPU S&#236; Numero di connettori ventola chassis 4 Connettore di potenza EPS (8-Pin) S&#236; Numero di connettori COM 1 Porte Thunderbolt 1 Connettore LED RGB S&#236; Quantit&#224; porte USB 2.0 4 Quantit&#224; di porte USB 3.2 Gen 2 (3.1 Gen 2) di tipo A 2 Quantit&#224; di porte USB 3.2 Gen 2 (3.1 Gen 2) di tipo C 1 Quantit&#224; porte Ethernet LAN (RJ-45) 1 Quantit&#224; porte HDMI 1 Quantit&#224; di porte USB 3.2 Gen 2x2 Tipo C 1 Quantit&#224; DisplayPorts 1 Ingresso di linea S&#236; Microfono, spinotto d'ingresso S&#236; Interfacce dell'unit&#224; di archiviazione supportate M.2, SATA III Tipi di unit&#224; di archiviazione supportate HDD & SSD numero di dispositivi di archivio supportati 7 Supporto RAID S&#236; Livelli RAID 0, 1, 10 Larghezza imballo 338 mm Profondit&#224; imballo 273 mm Altezza imballo 68 mm Peso dell'imballo 1,36 kg Slot PCI Express x1 (Gen 4.x) 2 Slot PCI Express x16 (Gen 4.x) 2 Numero di slot di M.2 (M) 3 Tipo BIOS UEFI AMI Dimensione memoria BIOS 256 Mbit Peso 1,2 kg Componente per PC Fattore di forma scheda madre ATX Famiglia di chipset per scheda madre AMD Chipset scheda madre AMD B650 Sistema audio 7.1 canali|13.5|Componenti pc|Schede Madri|Asus|249983
Informatica|T_0383_2301-9YL|4711081917762|90MB1BP0-M0EAY0|10|133.89|ASUS ROG STRIX B650-A GAMING WIFI AMD B650 Socket AM5 ATX|https://static.scaboo.com/images/_ext/1/0/1/101955784.jpg|Produttore processore AMD Presa per processore Socket AM5 Processori compatibili AMD Ryzen\u2122 7 prese elettriche per processori supportate Socket AM5 Tipi di memoria supportati DDR5-SDRAM Numero di slot di memoria 4 RAM massima supportata 128 GB tipo di slot di memoria DIMM Canali di memoria Dual-channel Data Integrity Check (verifica integrit&#224; dati) S&#236; Non-ECC S&#236; Velocit&#224; di memoria supportate 4800,5000,5200,5400,5600,5800,6000,6200,6400 MHz Senza buffer S&#236; Larghezza 305 mm Profondit&#224; 244 mm Wi-Fi S&#236; Collegamento ethernet LAN S&#236; Tipo di interfaccia Ethernet 2.5 Gigabit Ethernet Controller LAN Intel I225-V Wi-Fi standard Wi-Fi 6E (802.11ax) Standard Wi-Fi 802.11a, 802.11b, 802.11g, Wi-Fi 4 (802.11n), Wi-Fi 5 (802.11ac), Wi-Fi 6 (802.11ax), Wi-Fi 6E (802.11ax) Bluetooth S&#236; Versione Bluetooth 5.2 Connettori USB 2.0 4 Connettori USB 3.2 Gen 1 (3.1 Gen 1) 2 Connettori USB 3.2 Gen 2 (3.1 Gen 2) 1 Numero di connettori SATA III 4 Connettore uscita S/PDIF S&#236; Connettore pannello audio frontale S&#236; Connettore ATX (24-PIN) S&#236; Connettore ventola CPU S&#236; Numero di connettori ventola chassis 4 Connettore d'intrusione del telaio S&#236; Connettori periferiche (Molex) (4-pin) 1 Connettore di potenza EPS (8-Pin) S&#236; Numero di connettori COM 1 Porte Thunderbolt 1 Connettore con potenza 12V S&#236; Connettore LED RGB S&#236; Quantit&#224; porte USB 2.0 4 Quantit&#224; di porte USB 3.2 Gen 2 (3.1 Gen 2) di tipo A 3 Quantit&#224; di porte USB 3.2 Gen 2 (3.1 Gen 2) di tipo C 1 Quantit&#224; porte Ethernet LAN (RJ-45) 1 Quantit&#224; porte HDMI 1 Quantit&#224; DisplayPorts 1 Uscite per cuffie 3 Ingresso di linea S&#236; Microfono, spinotto d'ingresso S&#236; Interfacce dell'unit&#224; di archiviazione supportate M.2, SATA III Tipi di unit&#224; di archiviazione supportate HDD & SSD Supporto RAID S&#236; Livelli RAID 0, 1, 10 Larghezza imballo 280 mm Profondit&#224; imballo 265 mm Altezza imballo 71 mm Peso dell'imballo 9 kg Cavi inclusi SATA Slot PCI Express x1 (Gen 4.x) 2 Slot PCI Express x16 (Gen 4.x) 1 Slot PCI Express x16 (Gen 5.x) 1 Numero di slot di M.2 (M) 3 Tipo BIOS UEFI AMI Dimensione memoria BIOS 256 Mbit Tasto di azzeramento CMOS S&#236; Tecnologia di processo parallela Non supportato Componente per PC Fattore di forma scheda madre ATX Famiglia di chipset per scheda madre AMD Chipset scheda madre AMD B650 Sistema audio 7.1 canali Chip audio Realtek ALC4080 Sistema operativo Windows supportato Windows 11 x64|13.5|Componenti pc|Schede Madri|Asus|249983
Informatica|T_0383_3F43-1W6|4711103080597|TS-233|18|190.39|QNAP TS-233 sistema barebone per server Mini Tower Bianco|https://static.scaboo.com/images/_ext/9/6/6/96663867.jpg|Processore integrato S&#236; Numero di processori supportati 1 Frequenza del processore 2 GHz Numero di slot DIMM 2 Tipi di memoria supportati DDR4-SDRAM RAM massima supportata 2 GB Quantit&#224; porte USB 2.0 2 Quantit&#224; porte Ethernet LAN (RJ-45) 1 Quantit&#224; di porte USB 3.2 Gen 1 (3.1 Gen 1) di tipo A 1 Larghezza 90,2 mm Profondit&#224; 156,3 mm Altezza 188,6 mm Peso 1,11 kg Alimentazione 65 W Tensione di ingresso AC 100 - 240 V Intervallo temperatura di funzionamento 0 - 40 &#176;C Intervallo di temperatura -20 - 70 &#176;C Range di umidit&#224; di funzionamento 5 - 95% Collegamento ethernet LAN S&#236; Tipo di interfaccia Ethernet 5 Gigabit Ethernet Velocit&#224; trasferimento Ethernet LAN 100 Mbit/s numero di dispositivi di archivio supportati 2 Numero di attacchi da 2.5 2 Dimensioni dei dispositivi di archivio supportati 3.5 Interfacce dell'unit&#224; di archiviazione supportate SATA Dimensione SSD 3.5 Tipo di case Mini Tower Colore del prodotto Bianco Indicatori LED HDD, LAN, status, USB Interrutore On/Off S&#236; Tasto reset S&#236; Numero di ventole 1 ventola(e) Diametro del ventilatore 8 cm|13.5|Hard Disk, Ssd E Nas|Nas|Qnap|249983
Informatica|T_0383_3F43-1W9|4711103080993|TS-433-4G|33|356.85|QNAP TS-433 NAS Tower Collegamento ethernet LAN Cortex-A55|https://static.scaboo.com/images/_ext/9/9/9/99955085.jpg|Famiglia processore ARM Modello del processore Cortex-A55 Frequenza del processore 2 GHz Numero di core del processore 4 RAM installata 4 GB Quantit&#224; porte Ethernet LAN (RJ-45) 2 Porta USB S&#236; Quantit&#224; porte USB 2.0 2 Quantit&#224; di porte USB 3.2 Gen 1 (3.1 Gen 1) di tipo A 1 Connessioni simultanee 200 Larghezza 169 mm Profondit&#224; 219 mm Altezza 169 mm Peso 2,07 kg Peso dell'imballo 3,5 kg Capacit&#224; dell'alimentatore 90 W Consumi 22,54 W Consumo energetico (in sospensione) 8,45 W Tensione di ingresso AC 100 - 240 V Intervallo temperatura di funzionamento 0 - 40 &#176;C Range di umidit&#224; di funzionamento 5 - 95% Intervallo di temperatura -20 - 70 &#176;C Collegamento ethernet LAN S&#236; Supporto Jumbo Frames S&#236; Wake-on-LAN ready S&#236; Unit&#224; di archiviazione installate No numero di dispositivi di archivio supportati 4 Tipi di unit&#224; di archiviazione installate No Tipi di unit&#224; di archiviazione supportate HDD & SSD Interfacce dell'unit&#224; di archiviazione supportate SATA Dimensioni dei dispositivi di archivio supportati 2.5,3.5 Alloggiamenti delle unit&#224; hot-swap S&#236; Tipo di case Tower Tipo di raffreddamento Attivo Numero di ventole 1 ventola(e) Diametro del ventilatore 12 cm Indicatori LED Potenza, Reset, USB Tipo NAS Classe del dispositivo Casa e piccoli uffici Funzione di backup S&#236;|13.5|Hard Disk, Ssd E Nas|Nas|Qnap|249983
Informatica|T_0383_3F43-1WE|4711103082164|TS-453E-8G|23|599.45|QNAP TS-453E NAS Tower Collegamento ethernet LAN Nero J6412|https://static.scaboo.com/images/_ext/1/0/1/101364897.jpg|Famiglia processore Intel&#174; Celeron&#174; Produttore processore Intel Modello del processore J6412 Frequenza del processore 2,6 GHz Numero di core del processore 4 Numero di threads del processore 4 RAM installata 8 GB Quantit&#224; porte Ethernet LAN (RJ-45) 2 Porta USB S&#236; Quantit&#224; porte USB 2.0 2 Quantit&#224; di porte USB 3.2 Gen 2 (3.1 Gen 2) di tipo A 2 Quantit&#224; porte HDMI 2 Versione HDMI 1.4b Larghezza 180 mm Profondit&#224; 235 mm Altezza 177 mm Peso 3 kg Peso dell'imballo 4,3 kg Capacit&#224; dell'alimentatore 90 W Consumo energetico (max) 33,88 W Consumo energetico (in sospensione) 15,78 W Tensione di ingresso AC 100 - 240 V Intervallo temperatura di funzionamento 0 - 40 &#176;C Range di umidit&#224; di funzionamento 5 - 95% Intervallo di temperatura -20 - 70 &#176;C Umidit&#224; 5 - 95% Collegamento ethernet LAN S&#236; Supporto Jumbo Frames S&#236; Wake-on-LAN ready S&#236; Unit&#224; di archiviazione installate No numero di dispositivi di archivio supportati 6 Tipi di unit&#224; di archiviazione installate No Tipi di unit&#224; di archiviazione supportate HDD & SSD Interfacce dell'unit&#224; di archiviazione supportate M.2, Serial ATA III Dimensioni dei dispositivi di archivio supportati 2.5,3.5,M.2 Numero di slot M.2 (M e B) 2 Adattatore esterno S&#236; Tipo di case Tower Tipo di raffreddamento Attivo Colore del prodotto Nero Numero di ventole 1 ventola(e) Indicatori LED LAN, Potenza, status Tipo NAS Allarme S&#236; Tasto reset S&#236; Interrutore On/Off S&#236;|13.5|Hard Disk, Ssd E Nas|Nas|Qnap|249983
Informatica|T_0383_3F43-1WF|4711103082171|TS-253E-8G|15|479.34|QNAP TS-253E NAS Tower Collegamento ethernet LAN Nero J6412|https://static.scaboo.com/images/_ext/1/0/1/101364894.jpg|Famiglia processore Intel&#174; Celeron&#174; Produttore processore Intel Modello del processore J6412 Frequenza del processore 2,6 GHz Numero di core del processore 4 Numero di threads del processore 4 RAM installata 8 GB Quantit&#224; porte Ethernet LAN (RJ-45) 2 Porta USB S&#236; Quantit&#224; porte USB 2.0 2 Quantit&#224; di porte USB 3.2 Gen 2 (3.1 Gen 2) di tipo A 2 Quantit&#224; porte HDMI 2 Versione HDMI 1.4b Capacit&#224; dell'alimentatore 90 W Consumo energetico (max) 18,09 W Consumo energetico (in sospensione) 10,56 W Tensione di ingresso AC 100 - 240 V Intervallo temperatura di funzionamento 0 - 40 &#176;C Range di umidit&#224; di funzionamento 5 - 95% Intervallo di temperatura -20 - 70 &#176;C Umidit&#224; 5 - 95% Collegamento ethernet LAN S&#236; Supporto Jumbo Frames S&#236; Wake-on-LAN ready S&#236; Unit&#224; di archiviazione installate No numero di dispositivi di archivio supportati 4 Tipi di unit&#224; di archiviazione installate No Tipi di unit&#224; di archiviazione supportate HDD & SSD Supporto RAID No Interfacce dell'unit&#224; di archiviazione supportate M.2, Serial ATA III Dimensioni dei dispositivi di archivio supportati 2.5,M.2 Numero di slot M.2 (M e B) 2 Adattatore esterno S&#236; Tipo di case Tower Tipo di raffreddamento Attivo Colore del prodotto Nero Numero di ventole 1 ventola(e) Indicatori LED LAN, Potenza, status Tipo NAS Allarme S&#236; Tasto reset S&#236; Interrutore On/Off S&#236;|13.5|Hard Disk, Ssd E Nas|Nas|Qnap|249983
Informatica|T_0383_3F43-1WY|4711103082324|TS-464-8G|21|563.81|QNAP TS-464 NAS Tower Collegamento ethernet LAN Nero N5095|https://static.scaboo.com/images/_ext/1/0/6/106696371.jpg|TS-464 Il NAS Intel quad-core con due porte 2,5GbE supporta la cache SSD M.2 e l’espandibilità PCIe per una trasmissione ad alta velocità ed applicazioni di virtualizzazione Gestito da un processore Intel® Celeron® N5105/N5095 quad-core (fino a 2,9GHz), il TS-464 offre due porte 2,5GbE RJ45 e trunking di porta per una banda combinata fino a 5Gbps. Grazie agli slot M.2 PCIe Gen3 e PCIe Gen 3, il TS-464 offre flessibilità per estendere le funzionalità del NAS, consentendo di installare una scheda QM2 per la cache SSD M.2, o Edge TPU per il riconoscimento delle immagini AI e diverse schede di rete 10GbE/5GbE. Il TS-464 dispone di 4 GB di RAM per l’esecuzione di VM e container leggeri, e supporta supporta multi-cloud, gateway di archiviazione cloud, uscita 4K HDMI e transcodifica in tempo reale, oltre ad una capacità di archiviazione espandibile ed applicazioni ricche di funzioni per l’esecuzione di un NAS 2,5GbE affidabile ed economico. Processore quad-core ad alte prestazioni e fino a 16 GB di RAM Il TS-464 è gestito da un processore Intel Celeron N5105 / N5095 quad-core e supporta fino a 16 GB di memoria DDR4, due porte 2,5GbE e unità SATA 6 Gb/s. Il motore di crittografia Intel® AES-NI integrato aiuta inoltre a proteggere i dati riservati senza incidere sulle prestazioni del sistema. Riconoscimento accelerato delle immagini gestito da AI e cache con TPU ed espansione PCIe Il TS-464 è dotato di due slot M.2 PCIe Gen 3 che consentono la cache SSD o pool di archiviazione SSD per prestazioni migliorate o Edge TPU per il riconoscimento delle immagini AI. Installare gli SSD M.2 NVMe per l'accelerazione della cache o suddivisione efficiente dell’archiviazione Il TS-464 supporta la cache SSD e dispone di due slot M.2 che supportano SSD M.2 PCIe NVMe1 con fattore di forma 2280 (venduti separatamente) per migliorare le prestazioni globali del NAS. È inoltre possibile utilizzare la tecnologia Qtier™ per potenziare il TS-464 con il tiering automatico che aiuta a ottimizzare continuamente l’efficienza dell'archiviazione tra tutti i dispositivi di archiviazione installati. Accelerare il riconoscimento delle immagini gestito da AI con TPU Sfruttando Google Edge TPU per QNAP AI Core (il motore di riconoscimento delle immagini gestito da AI), il TS-464 può eseguire il riconoscimento ad alta velocità di volti ed oggetti. Google Edge TPU consente a QuMagie di elaborare rapidamente migliaia di foto con il riconoscimento e classificazione delle immagini AI ad alta velocità, e a QVR Face di analizzare i video in tempo reale per il riconoscimento immediato dei volti. Cache SSD e tiering automatico per un'efficienza di archiviazione ottimizzata 24/7 Con il continuo calo del costo degli SSD e il continuo aumento della capacità e prestazioni degli SSD, le organizzazioni possono sfruttare i vantaggi della solidità degli SSD. Il TS-464 supporta diverse funzioni SSD-aware che massimizzano in modo significativo le prestazioni del NAS con un risparmio elevato in termini di costi. Semplificare i trasferimenti di file di grandi dimensioni e il video editing con 2,5GbE Il TS-464 dispone di due porte LAN 2,5GbE RJ45 (2,5G/1G/100M) che consentono di utilizzare i cavi CAT5e esistenti per aggiornare le velocità di rete da 1 Gigabit a 2,5 Gigabit. Le due porte 2,5GbE supportano inoltre il trunking di porta per velocità di trasmissione fino a 5 Gbps, migliorando l’efficienza delle applicazioni aziendali a uso intensivo della banda come i trasferimenti di grandi quantità di file, backup/ripristino rapido, e trasferimento e modifica multimediale. Infrastruttura IT pronta per il futuro per reti ad alta velocità Il TS-464 può essere idealmente associato agli switch 2,5GbE/10GbE gestiti e non gestiti di QNAP per creare ambienti di rete ad alta velocità, sicuri e scalabili senza incidere sul budget. QNAP offre inoltre schede PCIe 2,5GbE/5GbE/10GbE e adattatori USB 5GbE per le workstation Windows®/Linux® che consentono di creare in modo semplice un ambiente di rete ad alta velocità per una maggiore collaborazione nel team. Produttività migliorata con porte USB multiple Con due porte USB 3.2 Gen 2 (10Gbps) e due porte USB 2.0 (480Mbps), è possibile eseguire rapidamente il backup e il trasferimento di grandi quantità di file su/dal TS-464. È inoltre possibile collegare UPS e altri dispositivi periferici USB compatibili per maggiori funzionalità e potenziale applicativo. Elevate capacità I/O con l’espansione PCIe Il TS-464 dispone di un slot PCIe Gen 3 x2 che consentono l’installazione di varie schede di espansione per espandere il potenziale applicativo. Uscita 4K HDMI diretta da display multimediale e macchina virtuale Il TS-464 dispone di Intel® UHD Graphics che supporta la decodifica hardware a due canali e la transcodifica in tempo reale*. L’uscita HDMI 2.0 supporta fino a 4K, fornendo grandi vantaggi ad applicazioni come la produzione/editing video o il design industriale che richiedono una risoluzione elevata e realismo del colore, nonché un livello intensivo di archiviazione, trasferimento, e visualizzazione dei file multimediali. Collegando il TS-464 a un display HDMI, è possibile guardare direttamente i contenuti multimediali salvati sul NAS, o usare il TS-464 come workstation versatile trasmettendo direttamente le macchine virtuali da Virtualization Station o Ubuntu Linux Station. Identificazione più rapida delle immagini con il motore AI Intel® OpenVINO™ integrato. Grazie alle risorse di calcolo AI integrate di Intel® OpenVINO™, il TS-464 accelera le prestazioni per il riconoscimento delle immagini AI senza incidere su altre applicazioni o servizi. QNAP AI Core funziona principalmente con l’applicazione QuMagie. QTS 5, veloce, fluido e facile da usare! Il TS-464 dispone del sistema operativo QTS 5 che offre un’esperienza di utilizzo di prossima generazione con un kernel di sistema aggiornato, interfaccia utente ottimizzata e funzioni di sicurezza avanzate. Più brillante. Più fluido. Ti piacerà. Il nuovo stile di navigazione in QTS 5, denota una maggiore attenzione ai dettagli. Un'esperienza NAS più fluida, un design visivo confortevole e ricerca più rapida delle applicazioni preferite. Partiamo dalla bacheca Durante la prima installazione, la bacheca guida attraverso il processo di configurazione. Seguire semplicemente le istruzioni per configurare in modo semplice e rapido. Interfaccia utente fluida e reattiva Sia quando si fa clic sui pulsanti, si passa da un’applicazione all’altra, si espandono/comprimono le finestre, tutte le azioni sono molto più fluide. La barra delle ricerche nel menu principale aiuta inoltre a trovare rapidamente le applicazioni desiderate. Soluzione completa di backup e disaster recovery Il TS-464 supporta diverse applicazioni per tutte le esigenze di backup. Una buona abitudine IT è di eseguire regolarmente il backup dei file e dei contenuti del dispositivo in modo da poterli ripristinare con semplicità quando necessario. Backup da PC/laptop Per Windows®, installare NetBak Replicator per il backup del PC sul NAS QNAP. In macOS®, è sufficiente configurare Time Machine® integrato per proteggere i dati. Backup remoto per il NAS Hybrid Backup Sync rende semplice il backup dei dati da un TS-464 a un altro NAS QNAP o server remoto per per una strategia di backup 3-2-1. Backup VM Sfruttare il backup VMware® e Hyper-V VM senza licenza grazie al backup incrementale lato sorgente, deduplica globale e compressione del ripristino. Backup SaaS Proteggere i dati cloud aziendali eseguendo il backup/sincronizzazione di file, e-mail, calendari, e contatti da Google™ Workspace e Microsoft® Office 365® al NAS. Backup cloud per il NAS Hybrid Backup Sync supporta le principali archiviazioni cloud per il backup dei dati del NAS. Per il backup su archiviazione cloud oggetto, è particolarmente utile VJBOD Cloud perché riduce l’uso della banda e la durata del backup. Tecnologia QuDedup Hybrid Backup Sync elimina i dati ridondanti all’origine ed esegue il backup dei dati deduplicati, aiutando a risparmiare tempo e costi per l'archiviazione e offrendo allo stesso tempo backup multi-versione efficienti. Snapshot multi-versione per mitigare le minacce di ransomware Il TS-464 supporta le snapshot basate su blocco che registrano lo stato del sistema in qualsiasi istante. Aiutano a proteggere i dati consentendo un ripristino in qualsiasi punto del tempo per mitigare sensibilmente le minacce di ransomware. Snapshot di volume e LUN Scattare le snapshot in pochi secondi e ripristinare l’intero volume/LUN ad un punto specifico nel tempo per evitare la perdita di dati importanti. Ripristino immediato delle snapshot Il contenuto della snapshot può essere ripristinato velocemente su un NAS locale oppure ripristinato su base cartella/file in un NAS locale/remoto o su uno spazio di archiviazione cloud. È anche possibile visualizzare e ripristinare in modo semplice le snapshot dal lato client. Backup delle snapshot Moltiplicare la protezione dei dati eseguendo il backup dei file delle snapshot! Replicare le snapshot di volume/LUN dal TS-464 a un NAS remoto (Replica snapshot) copiando solo le modifiche eseguite. Per risparmiare tempo e larghezza di banda, eseguibile manualmente o con pianificazione. Soluzione completa per ospitare macchine virtuali e container L’esecuzione di più macchine virtuali e container sul TS-464, consente di implementare ambienti multi-tenant ed applicazioni per aumentare l’efficienza di gestione e risparmiare sui costi dell’hardware. Associato all’app Rete e Switch virtuale che migliora l’interoperabilità tra macchine virtuali, container, NAS QNAP ed altri dispositivi periferici presenti nella rete, è possibile allocare in modo flessibile le risorse di rete fisiche e virtuali per rendere più semplice l’installazione della rete. Virtualization Station Eseguire più macchine virtuali Windows®, Linux®, UNIX®, Android™ e QuTScloud e accedervi tramite browser web o VNC (Virtual Network Computing). Le aziende possono eseguire le applicazioni server virtualizzate su un singolo NAS senza dover aggiungere fisicamente altri server. Container Station Provare le tecnologie di virtualizzazione leggere Docker®, LXD e Kata Containers, scaricare le applicazioni dal Docker Hub Registry® integrato, importare/esportare i container, e creare numerosi microservizi. Linux Station Eseguire le applicazioni Linux® (incluse le applicazioni dal Software Center) direttamente sul NAS e accedere da remoto al desktop Linux® da un browser Web. La piattaforma open-source Linux® è inoltre ideale per lo sviluppo Internet of Thing. Sicurezza completa e impostazione dei privilegi Il TS-464 è caricato con impostazioni flessibili dei privilegi e misure di sicurezza. Oltre al blocco dell’IP, verifica in 2 fasi, connessione HTTPS, sono disponibili diverse applicazioni che garantiscono una protezione ottimale del NAS contro le minacce di malware e hacker. Accesso remoto sicuro con myQNAPcloud myQNAPcloud consente la connessione al TS-464 tramite Internet senza alcuna completa impostazione DDNS. Per garantire la sicurezza del servizio di accesso remoto, myQNAPcloud rafforza le chiavi su Certificati SSL a 2048-bit. Impostazioni dei privilegi semplificate Il TS-464 supporta l’impostazione completa dei diritti di accesso per le cartelle condivise, Azure Active Directory Domain Services (Azure AD DS), LDAP, e Windows ACL per aiutare il personale IT a gestire in modo efficiente gli account utente e i diritti di accesso per più sistemi NAS. Protezione QuFirewall Supporta IPv6, elenchi di accesso al firewall, e filtro GeoIP per limitare l'accesso in base alle posizioni geografiche per una maggiore sicurezza di rete del NAS. Sicurezza elevata con QVPN Una rete virtuale privata (VPN) consente l'accesso sicuro alle risorse di rete ed ai servizi sulle reti pubbliche. QVPN supporta la creazione di un client VPN, utilizzando il TS-464 come server VPN, ed il servizio WireGuard® VPN con una interfaccia facile da usare per la configurazione di una connessione sicura. QuWAN SD-WAN Per facilitare la trasformazione digitale, l’espansione multi sito e il lavoro remoto, QuWAN SD-WAN aiuta a creare automaticamente un mesh VPN multi sito. Dispone di crittografia IPsec e gestione incentrata sul cloud, che consentono di proteggere la rete multi sito inclusi NAS QNAP e piattaforme VMware ESXi. Consulente sicurezza Un portale sicurezza per il TS-464 per verificare dei punti deboli oltre a offrire consigli per il miglioramento della sicurezza del NAS. Integra inoltre un software di scansione anti-virus e anti-malware. Malware Remover Scansionare regolarmente il TS-464 usando le definizioni malware più recenti. In caso di rilevamento di file infetti, questi saranno rimossi immediatamente per garantire la sicurezza dei dati del NAS. Il miglior centro di archiviazione dei file e collaborazione Il TS-464 integra molte applicazioni per il salvataggio, gestione, sincronizzazione, ricerca e archiviazione dei file. Supporta i protocolli SMB/CIFS, AFP, e NFS per semplificare la condivisione dei file tra Windows®, Mac®, e Linux®/UNIX®, oltre a offrire una soluzione NAS intelligente per la gestione professionale dei file. Soluzione di sorveglianza intelligente con sicurezza 24/7 QVR Elite è una soluzione di sorveglianza intelligente basata su abbonamento di QNAP che consente di creare in modo semplice un sistema di sorveglianza con TCO ridotto e scalabilità elevata. Le registrazioni sono salvate come file MP4 per consentire la riproduzione su quasi tutti i dispositivi. QVR Elite integra inoltre le soluzioni basate su AI di QNAP per creare un riconoscimento intelligente dei visi per i punti vendita ed i sistemi di controllo delle porte con NAS QNAP. È possibile organizzare uno spazio di archiviazione indipendente dedicato per i dati di sorveglianza sul TS-464 e sfruttare la gestione semplificata delle telecamere, l’allocazione dello spazio di archiviazione, la visualizzazione e riproduzione dal vivo delle telecamere. Espansione flessibile ed economica dell'archiviazione QNAP offre metodi semplici per espandere la capacità di archiviazione. Di seguito diversi modi per espandere l'archiviazione del TS-464 come necessario per soddisfare la crescita dei dati e dell'azienda. Installare le unità di espansione QNAP Collegare le unità di espansione al TS-464, e gestire l’espansione dell’archiviazione del NAS grazie all’applicazione Gestione archiviazione e snapshot facile da usare. Montare l’archiviazione cloud o file server remoti Montare l’archiviazione cloud o file server remoti per espandere la capacità del TS-464 e allo stesso tempo gestire centralmente i file sul NAS, archiviazione cloud e dispositivi remoti. Migrare su un nuovo NAS Installare i dischi rigidi NAS in un NAS QNAP più grande e conservare tutti i dati e le configurazioni esistenti. Aggiornare la capacità RAID Eseguire lo swapping a caldo delle unità più piccole con unità con maggiore capacità per espandere la capacità del NAS in modo che possa crescere con l'azienda. Altre applicazioni che aumentano la produttività Il TS-464 offre un App Center che include applicazioni ricche di funzioni per espandere il potenziale del NAS! QuObjects Eseguire un ambiente di sviluppo compatibile con S3 ad alte prestazioni sul TS-464 per semplificare i flussi di lavoro di sviluppo del servizio, dal test alla produzione. È possibile spostare i dati cold dal cloud ad un QuObjects locale per risparmiare sui costi dell’archiviazione cloud. Centro notifica Consolida tutti gli eventi di sistema, avvisi e notifiche di per una gestione semplificata del NAS, restando sempre informati sullo stato del NAS. Server proxy Utilizzando un TS-464 ad alta capacità come proxy server, sarà possibile accedere efficientemente alle risorse online con maggiore ottimizzazione dei costi e produttività e migliorando, nel contempo, la sicurezza di rete. QmailAgent La migliore soluzione di backup delle e-mail che consente di eseguire in modo semplice il backup/ripristino e di gestire diversi account e-mail nel loro formato nativo con elevata sicurezza e integrità dei dati. Qcontactz Gestire centralmente tutti i contatti, importare i contatti da Google™, importare/esportare le informazioni del contatto utilizzando i file CSV o vCard e sfruttare un database sempre online con le informazioni dei contatti. QuFTP Il TS-464 può essere utilizzato come server FTP dotato di crittografia SSL/TLS, controlli della banda di QoS, e impostazione delle autorizzazioni per eseguire in modo efficiente e sicuro il trasferimento di grandi quantità di dati. È supportato anche il Client FTP. Controllo dell’integrità dei dischi rigidi I dischi sono il cuore del NAS, per questo è molto importante garantirne l’integrità e affidabilità a lungo termine. QNAP offre diversi metodi e strumenti per aiutare a monitorare l’integrità dei dischi , in modo da prendere decisioni proattive per la protezione di dati e file. Scansione S.M.A.R.T. e blocchi danneggiati Nel caso di segnalazione di anomalia di uno dei valori S.M.A.R.T., o vengono rilevati blocchi danneggiati, è possibile agire in modo tempestivo e sostituire le unità prima di potenziali perdite dei dati. DA Drive Analyzer DA Drive Analyzer sfrutta l’AI basata su cloud ULINK per predire la durata prevista dei dischi, aiutando nella pianificazione della sostituzione anticipata delle unità per proteggere contro l’inattività del NAS e la perdita dei dati. Seagate® IronWolf™ Health Management Quando sono utilizzati i dischi rigidi supportati da IronWolf™ o IronWolf Pro™, il sistema viene migliorato globalmente offrendo opzioni di prevenzione, intervento e recupero attivabili. Famiglia processore Intel&#174; Celeron&#174; Produttore processore Intel Modello del processore N5095 Frequenza del processore turbo massima 2,9 GHz Numero di core del processore 4 Numero di threads del processore 4 CPU configuration (max) 1 Numero di processori supportati 1 Modello scheda grafica integrata Intel&#174; UHD Graphics RAM installata 8 GB Tipo di RAM DDR4 Massima RAM supportata 16 GB Slot memoria 2 Fattore di forma memoria SO-DIMM Memoria flash 4096 MB Quantit&#224; porte Ethernet LAN (RJ-45) 2 Porta USB S&#236; Quantit&#224; porte USB 2.0 2 Quantit&#224; di porte USB 3.2 Gen 2 (3.1 Gen 2) di tipo A 2 Quantit&#224; porte HDMI 1 Versione HDMI 2.0 Larghezza 170 mm Profondit&#224; 226 mm Altezza 168 mm Peso 2,26 kg Peso dell'imballo 3,6 kg Posizione alimentazione Da Incasso Capacit&#224; dell'alimentatore 90 W Numero di alimentatori 1 Consumi 40,536 W Consumo energetico (in sospensione) 21,618 W Tensione di ingresso AC 100 - 240 V Voltaggio del ventilatore 12 V Intervallo temperatura di funzionamento 0 - 40 &#176;C Range di umidit&#224; di funzionamento 5 - 95% Intervallo di temperatura -20 - 70 &#176;C Umidit&#224; 5 - 95% Collegamento ethernet LAN S&#236; Velocit&#224; trasferimento Ethernet LAN 10,100,1000,2500 Mbit/s Server DHCP S&#236; Supporto Iscsi S&#236; Wake-on-LAN ready S&#236; DNS Dinamico (DDNS) S&#236; Unit&#224; di archiviazione installate No numero di dispositivi di archivio supportati 4 Tipi di unit&#224; di archiviazione installate No Tipi di unit&#224; di archiviazione supportate HDD & SSD Supporto RAID S&#236; Interfacce dell'unit&#224; di archiviazione supportate Serial ATA III Dimensioni dei dispositivi di archivio supportati 2.5,3.5,M.2 Numero di slot M.2 (M e B) 2 Livelli RAID 0, 1, 5, 6, 10, JBOD Migrazione RAID online S&#236; Espansione RAID online S&#236; Ricostruzione RAID S&#236; Scansione del blocco danneggiato S&#236; Roaming del disco S&#236; Sistema operativo incluso QNAP QTS Versione sistema operativo 5,0,1 Sistema operativo Windows supportato Windows 10, Windows 11, Windows 7, Windows 8 Sistema operativo Linux supportato S&#236; Compatibilit&#224; sistema operativo Mac Mac OS X 10.10 Yosemite, Mac OS X 10.12 Sierra, Mac OS X 10.13 High Sierra, Mac OS X 10.14 Mojave, Mac OS X 10.15 Catalina, Mac OS X 10.15.3 Catalina, Mac OS X 11.0 Big Sur, Mac OS X 12.0 Monterey Sistemi operativi server supportati Windows Server 2008 R2, Windows Server 2012, Windows Server 2012 R2, Windows Server 2016, Windows Server 2019 Adattatore esterno S&#236; Cavi inclusi AC, LAN (RJ-45) Quantit&#224; di cavi di alimentazione 1 Guida rapida S&#236; Numero di viti 24 Tipo di case Tower Tipo di raffreddamento Attivo Colore del prodotto Nero Numero di ventole 1 ventola(e) Diametro del ventilatore 12 cm Indicatori LED S&#236; Blocco cavo S&#236; Tipologia slot blocco cavo Kensington Tecnologia potenziata Intel SpeedStep S&#236; Idle States S&#236; Intel&#174; 64 S&#236; Tecnologia Intel&#174; Trusted Execution No Tecnologia Intel&#174; Virtualization (VT-x) S&#236; Intel&#174; Virtualization Technology for Directed I/O (VT-d) S&#236; Intel&#174; VT-x with Extended Page Tables (EPT) S&#236; Tipo NAS Classe del dispositivo Piccola e media azienda Funzione di backup S&#236; Caratteristiche del backup Cloud, iSCSI LUN Allarme S&#236; Supporto multilingua S&#236; Snap shot S&#236; Lista di controllo accesso (ACL) S&#236; Interrutore On/Off S&#236; Server FTP integrato S&#236; Browser supportati Apple Safari, Google Chrome, Microsoft Edge, Mozilla Firefox Log di sistema S&#236; Scansione del disco S&#236; Supporto S.M.A.R.T. S&#236; Cartelle condivise Y|13.5|Hard Disk, Ssd E Nas|Nas|Qnap|249983
Informatica|T_0383_3F43-1WT|4711103082331|TS-264-8G|12|401.42|QNAP TS-264 NAS Tower Collegamento ethernet LAN Nero, Oro N5095|https://static.scaboo.com/images/_ext/1/0/4/104812055.jpg|Gestito da un processore Intel® Celeron® N5105/N5095 quad-core (fino a 2,9GHz), il TS-264 offre due porte 2,5GbE RJ45 e trunking di porta per una banda combinata fino a 5Gbps. Grazie agli slot M.2 PCIe Gen3 e PCIe Gen 3, il TS-264 offre flessibilità per estendere le funzionalità del NAS, consentendo di installare una scheda QM2 per la cache SSD M.2, o Edge TPU per il riconoscimento delle immagini AI e diverse schede di rete 10GbE/5GbE. Il TS-264 dispone di 8 GB di RAM per l’esecuzione di VM e container leggeri, e supporta supporta multi-cloud, gateway di archiviazione cloud, uscita 4K HDMI e transcodifica in tempo reale, oltre ad una capacità di archiviazione espandibile ed applicazioni ricche di funzioni per l’esecuzione di un NAS 2,5GbE affidabile ed economico. Connettività 2,5GbE Impostando un trunking di porta con le due porte 2,5GbE (2,5G/1G/100M) integrate è possibile ottenere velocità di trasferimento fino a 5 Gbps. Cache SSD M.2 Due slot M.2 PCIe Gen 3 consentono al cache SSD NVMe o pool di archiviazione SSD per prestazioni migliorate, o Edge TPU per il riconoscimento delle immagini AI. Espandibilità PCIe Installare una scheda PCIe Gen3 x2 per espandere le funzionalità principali del TS-264, inclusa una scheda di rete Multi-Gig 10GbE/5GbE/2,5GbE, una scheda QM2 o una scheda USB 3.2 Gen 2 (10Gbps). Ambiente virtualizzato senza licenza Consente di eseguire l’hosting di più applicazioni in container per eseguire un’ampia gamma di applicazioni e servizi. Auto-Tiering dei dischi La tecnologia di tiering automatica Qtier™ e la cache SSD consentono l'ottimizzazione costante dell'archiviazione. 4K HDMI Decodifica hardware 4K H.264 e transcodifica in tempo reale per un’esperienza multimediale più fluida su grandi schermi. Processore quad-core ad alte prestazioni e fino a 8 GB di RAM Il TS-264 è gestito da un processore Intel Celeron N5105 / N5095 quad-core e supporta fino a 8 GB di memoria DDR4, due porte 2,5GbE e unità SATA 6 Gb/s. Il motore di crittografia Intel® AES-NI integrato aiuta inoltre a proteggere i dati riservati senza incidere sulle prestazioni del sistema. Riconoscimento accelerato delle immagini gestito da AI e cache con TPU ed espansione PCIe Il TS-264 è dotato di due slot M.2 PCIe Gen 3 che consentono la cache SSD o pool di archiviazione SSD per prestazioni migliorate o Edge TPU per il riconoscimento delle immagini AI. Installare gli SSD M.2 NVMe per l'accelerazione della cache o suddivisione efficiente dell’archiviazione Il TS-264 supporta la cache SSD e dispone di due slot M.2 che supportano SSD M.2 PCIe NVMe con fattore di forma 2280 (venduti separatamente) per migliorare le prestazioni globali del NAS. È inoltre possibile utilizzare la tecnologia Qtier™ per potenziare il TS-264 con il tiering automatico che aiuta a ottimizzare continuamente l’efficienza dell'archiviazione tra tutti i dispositivi di archiviazione installati. Accelerare il riconoscimento delle immagini gestito da AI con TPU Sfruttando Google Edge TPU per QNAP AI Core (il motore di riconoscimento delle immagini gestito da AI), il TS-264 può eseguire il riconoscimento ad alta velocità di volti ed oggetti. Google Edge TPU consente a QuMagie di elaborare rapidamente migliaia di foto con il riconoscimento e classificazione delle immagini AI ad alta velocità, e a QVR Face di analizzare i video in tempo reale per il riconoscimento immediato dei volti. Cache SSD e tiering automatico per un'efficienza di archiviazione ottimizzata 24/7 Con il continuo calo del costo degli SSD e il continuo aumento della capacità e prestazioni degli SSD, le organizzazioni possono sfruttare i vantaggi della solidità degli SSD. Il TS-264 supporta diverse funzioni SSD-aware che massimizzano in modo significativo le prestazioni del NAS con un risparmio elevato in termini di costi. Over-provisioning SSD (Over-provisioning) È possibile aggiungere un ulteriore over-provisioning SSD (da 1% a 60%) per evitare l’amplificazione della scrittura e migliorare le velocità di scrittura casuale e la durata degli SSD. È possibile ottenere, potenzialmente, SSD con prestazioni di livello enterprise da SSD consumer economici! Accelerazione cache SSD Consente la cache SSD per aumentare le prestazioni IOPS e ridurre la latenza per volumi di archiviazione. Questa funzione è perfetta per le applicazioni a richiesta elevata di IOPS inclusi database e virtualizzazione. Il TS-264 supporta inoltre la cache in sola scrittura per potenziare le applicazioni a uso intensivo della scrittura. Qtier per il tiering automatico La tecnologia Qtier utilizza il tiering automatico dell’archiviazione con l’ottimizzazione continua dei dati su SSD ad alte prestazioni e HDD ad alta capacità in base alla frequenza degli accessi. Qtier I/O-Aware può riservare uno spazio simile alla cache nell’SSD in tiering per gestire l’I/O casuale in tempo reale. Semplificare i trasferimenti di file di grandi dimensioni e il video editing con 2,5GbE Il TS-264 dispone di due porte LAN 2,5GbE RJ45 (2,5G/1G/100M) che consentono di utilizzare i cavi CAT5e esistenti per aggiornare le velocità di rete da 1 Gigabit a 2,5 Gigabit. Le due porte 2,5GbE supportano inoltre il trunking di porta per velocità di trasmissione fino a 5 Gbps, migliorando l’efficienza delle applicazioni aziendali a uso intensivo della banda come i trasferimenti di grandi quantità di file, backup/ripristino rapido, e trasferimento e modifica multimediale. Infrastruttura IT pronta per il futuro per reti ad alta velocità Il TS-264 può essere idealmente associato agli switch 2,5GbE/10GbE gestiti e non gestiti di QNAP per creare ambienti di rete ad alta velocità, sicuri e scalabili senza incidere sul budget. QNAP offre inoltre schede PCIe 2,5GbE/5GbE/10GbE e adattatori USB 5GbE per le workstation Windows®/Linux® che consentono di creare in modo semplice un ambiente di rete ad alta velocità per una maggiore collaborazione nel team. Produttività migliorata con porte USB multiple Con due porte USB 3.2 Gen 2 (10Gbps) e due porte USB 2.0 (480Mbps), è possibile eseguire rapidamente il backup e il trasferimento di grandi quantità di file su/dal TS-264. È inoltre possibile collegare UPS e altri dispositivi periferici USB compatibili per maggiori funzionalità e potenziale applicativo. Elevate capacità I/O con l’espansione PCIe Il TS-264 dispone di un slot PCIe Gen 3 x2 che consentono l’installazione di varie schede di espansione per espandere il potenziale applicativo. Uscita 4K HDMI diretta da display multimediale e macchina virtuale Il TS-264 dispone di Intel® UHD Graphics che supporta la decodifica hardware a due canali e la transcodifica in tempo reale*. L’uscita HDMI 2.0 supporta fino a 4K, fornendo grandi vantaggi ad applicazioni come la produzione/editing video o il design industriale che richiedono una risoluzione elevata e realismo del colore, nonché un livello intensivo di archiviazione, trasferimento, e visualizzazione dei file multimediali. Collegando il TS-264 a un display HDMI, è possibile guardare direttamente i contenuti multimediali salvati sul NAS, o usare il TS-264 come workstation versatile trasmettendo direttamente le macchine virtuali da Virtualization Station o Ubuntu Linux Station. Identificazione più rapida delle immagini con il motore AI Intel® OpenVINO™ integrato. Grazie alle risorse di calcolo AI integrate di Intel® OpenVINO™, il TS-264 accelera le prestazioni per il riconoscimento delle immagini AI senza incidere su altre applicazioni o servizi. QNAP AI Core funziona principalmente con l’applicazione QuMagie. Gestione delle foto QuMagie Soluzione di gestione semplificata delle foto che integra il riconoscimento delle immagini AI e la loro classificazione intelligente. QTS 5, veloce, fluido e facile da usare! Il TS-264 dispone del sistema operativo QTS 5 che offre un’esperienza di utilizzo di prossima generazione con un kernel di sistema aggiornato, interfaccia utente ottimizzata e funzioni di sicurezza avanzate. Più brillante. Più fluido. Ti piacerà. Il nuovo stile di navigazione in QTS 5, denota una maggiore attenzione ai dettagli. Un'esperienza NAS più fluida, un design visivo confortevole e ricerca più rapida delle applicazioni preferite. Partiamo dalla bacheca Durante la prima installazione, la bacheca guida attraverso il processo di configurazione. Seguire semplicemente le istruzioni per configurare in modo semplice e rapido. Interfaccia utente fluida e reattiva Sia quando si fa clic sui pulsanti, si passa da un’applicazione all’altra, si espandono/comprimono le finestre, tutte le azioni sono molto più fluide. La barra delle ricerche nel menu principale aiuta inoltre a trovare rapidamente le applicazioni desiderate. Soluzione completa di backup e disaster recovery Il TS-264 supporta diverse applicazioni per tutte le esigenze di backup. Una buona abitudine IT è di eseguire regolarmente il backup dei file e dei contenuti del dispositivo in modo da poterli ripristinare con semplicità quando necessario. Backup da PC/laptop Per Windows®, installare NetBak Replicator per il backup del PC sul NAS QNAP. In macOS®, è sufficiente configurare Time Machine® integrato per proteggere i dati. Backup remoto per il NAS Hybrid Backup Sync rende semplice il backup dei dati da un TS-264 a un altro NAS QNAP o server remoto per per una strategia di backup 3-2-1. Backup VM Sfruttare il backup VMware® e Hyper-V VM senza licenza grazie al backup incrementale lato sorgente, deduplica globale e compressione del ripristino. Backup SaaS Proteggere i dati cloud aziendali eseguendo il backup/sincronizzazione di file, e-mail, calendari, e contatti da Google™ Workspace e Microsoft® Office 365® al NAS. Backup cloud per il NAS Hybrid Backup Sync supporta le principali archiviazioni cloud per il backup dei dati del NAS. Per il backup su archiviazione cloud oggetto, è particolarmente utile VJBOD Cloud perché riduce l’uso della banda e la durata del backup. Tecnologia QuDedup Hybrid Backup Sync elimina i dati ridondanti all’origine ed esegue il backup dei dati deduplicati, aiutando a risparmiare tempo e costi per l'archiviazione e offrendo allo stesso tempo backup multi-versione efficienti. Snapshot multi-versione per mitigare le minacce di ransomware Il TS-264 supporta le snapshot basate su blocco che registrano lo stato del sistema in qualsiasi istante. Aiutano a proteggere i dati consentendo un ripristino in qualsiasi punto del tempo per mitigare sensibilmente le minacce di ransomware. Snapshot di volume e LUN Scattare le snapshot in pochi secondi e ripristinare l’intero volume/LUN ad un punto specifico nel tempo per evitare la perdita di dati importanti. Ripristino immediato delle snapshot Il contenuto della snapshot può essere ripristinato velocemente su un NAS locale oppure ripristinato su base cartella/file in un NAS locale/remoto o su uno spazio di archiviazione cloud. È anche possibile visualizzare e ripristinare in modo semplice le snapshot dal lato client. Backup delle snapshot Moltiplicare la protezione dei dati eseguendo il backup dei file delle snapshot! Replicare le snapshot di volume/LUN dal TS-264 a un NAS remoto (Replica snapshot) copiando solo le modifiche eseguite. Per risparmiare tempo e larghezza di banda, eseguibile manualmente o con pianificazione. Soluzione completa per ospitare macchine virtuali e container L’esecuzione di più macchine virtuali e container sul TS-264, consente di implementare ambienti multi-tenant ed applicazioni per aumentare l’efficienza di gestione e risparmiare sui costi dell’hardware. Associato all’app Rete e Switch virtuale che migliora l’interoperabilità tra macchine virtuali, container, NAS QNAP ed altri dispositivi periferici presenti nella rete, è possibile allocare in modo flessibile le risorse di rete fisiche e virtuali per rendere più semplice l’installazione della rete. Virtualization Station Eseguire più macchine virtuali Windows®, Linux®, UNIX®, Android™ e QuTScloud e accedervi tramite browser web o VNC (Virtual Network Computing). Le aziende possono eseguire le applicazioni server virtualizzate su un singolo NAS senza dover aggiungere fisicamente altri server. Container Station Provare le tecnologie di virtualizzazione leggere Docker®, LXD e Kata Containers, scaricare le applicazioni dal Docker Hub Registry® integrato, importare/esportare i container, e creare numerosi microservizi. Linux Station Eseguire le applicazioni Linux® (incluse le applicazioni dal Software Center) direttamente sul NAS e accedere da remoto al desktop Linux® da un browser Web. La piattaforma open-source Linux® è inoltre ideale per lo sviluppo Internet of Thing Sicurezza completa e impostazione dei privilegi Il TS-264 è caricato con impostazioni flessibili dei privilegi e misure di sicurezza. Oltre al blocco dell’IP, verifica in 2 fasi, connessione HTTPS, sono disponibili diverse applicazioni che garantiscono una protezione ottimale del NAS contro le minacce di malware e hacker. Accesso remoto sicuro con myQNAPcloud myQNAPcloud consente la connessione al TS-264 tramite Internet senza alcuna completa impostazione DDNS. Per garantire la sicurezza del servizio di accesso remoto, myQNAPcloud rafforza le chiavi su Certificati SSL a 2048-bit. Impostazioni dei privilegi semplificate Il TS-264 supporta l’impostazione completa dei diritti di accesso per le cartelle condivise, Azure Active Directory Domain Services (Azure AD DS), LDAP, e Windows ACL per aiutare il personale IT a gestire in modo efficiente gli account utente e i diritti di accesso per più sistemi NAS. Protezione QuFirewall Supporta IPv6, elenchi di accesso al firewall, e filtro GeoIP per limitare l'accesso in base alle posizioni geografiche per una maggiore sicurezza di rete del NAS. Sicurezza elevata con QVPN Una rete virtuale privata (VPN) consente l'accesso sicuro alle risorse di rete ed ai servizi sulle reti pubbliche. QVPN supporta la creazione di un client VPN, utilizzando il TS-264 come server VPN, ed il servizio WireGuard® VPN con una interfaccia facile da usare per la configurazione di una connessione sicura. QuWAN SD-WAN Per facilitare la trasformazione digitale, l’espansione multi sito e il lavoro remoto, QuWAN SD-WAN aiuta a creare automaticamente un mesh VPN multi sito. Dispone di crittografia IPsec e gestione incentrata sul cloud, che consentono di proteggere la rete multi sito inclusi NAS QNAP e piattaforme VMware ESXi. Consulente sicurezza Un portale sicurezza per il TS-264 per verificare dei punti deboli oltre a offrire consigli per il miglioramento della sicurezza del NAS. Integra inoltre un software di scansione anti-virus e anti-malware. Malware Remover Scansionare regolarmente il TS-264 usando le definizioni malware più recenti. In caso di rilevamento di file infetti, questi saranno rimossi immediatamente per garantire la sicurezza dei dati del NAS. Il miglior centro di archiviazione dei file e collaborazione Il TS-264 integra molte applicazioni per il salvataggio, gestione, sincronizzazione, ricerca e archiviazione dei file. Supporta i protocolli SMB/CIFS, AFP, e NFS per semplificare la condivisione dei file tra Windows®, Mac®, e Linux®/UNIX®, oltre a offrire una soluzione NAS intelligente per la gestione professionale dei file. File Station Gestire, accedere e condividere tutti i file nel TS-264 e visualizzare i file delle snapshot, tutto dal browser Web. È anche possibile montare in modo semplice le cartelle NAS remote e l’archiviazione cloud. Qsync Rendere disponibile qualsiasi file caricato sul TS-264 sui dispositivi collegati, come computer, laptop e dispositivi mobili. È possibile sincronizzare le cartelle condivise e le cartelle del team per la condivisione dei file di gruppo, migliorando la collaborazione e i progetti per un team. Qsirch Il potente strumento di ricerca simile a Google sviuppato da QNAP che aiuta a trovare rapidamente immagini, musica, video, documenti ed e-mail utilizzando parole chiave, colori e altre condizioni di ricerca. Supporta inoltre Qfiling per eseguire le attività di archiviazione una tantum od automatiche in base ai criteri di ricerca. Qfiling Automatizzare l’organizzazione dei file. Sarà sufficiente assegnare i file a categorie, impostare una pianificazione e Qfiling farà il resto. Qfiling consente inoltre il riciclo intelligente che sposta immediatamente i file filtrati nel Cestino. Soluzione di sorveglianza intelligente con sicurezza 24/7 QVR Elite è una soluzione di sorveglianza intelligente basata su abbonamento di QNAP che consente di creare in modo semplice un sistema di sorveglianza con TCO ridotto e scalabilità elevata. Le registrazioni sono salvate come file MP4 per consentire la riproduzione su quasi tutti i dispositivi. QVR Elite integra inoltre le soluzioni basate su AI di QNAP per creare un riconoscimento intelligente dei visi per i punti vendita ed i sistemi di controllo delle porte con NAS QNAP. È possibile organizzare uno spazio di archiviazione indipendente dedicato per i dati di sorveglianza sul TS-264 e sfruttare la gestione semplificata delle telecamere, l’allocazione dello spazio di archiviazione, la visualizzazione e riproduzione dal vivo delle telecamere. Espansione flessibile ed economica dell'archiviazione QNAP offre metodi semplici per espandere la capacità di archiviazione. Di seguito diversi modi per espandere l'archiviazione del TS-264 come necessario per soddisfare la crescita dei dati e dell'azienda. Installare le unità di espansione QNAP Collegare le unità di espansione al TS-264, e gestire l’espansione dell’archiviazione del NAS grazie all’applicazione Gestione archiviazione e snapshot facile da usare. Montare l’archiviazione cloud o file server remoti Montare l’archiviazione cloud o file server remoti per espandere la capacità del TS-264 e allo stesso tempo gestire centralmente i file sul NAS, archiviazione cloud e dispositivi remoti. Migrare su un nuovo NAS Installare i dischi rigidi NAS in un NAS QNAP più grande e conservare tutti i dati e le configurazioni esistenti. Aggiornare la capacità RAID Eseguire lo swapping a caldo delle unità più piccole con unità con maggiore capacità per espandere la capacità del NAS in modo che possa crescere con l'azienda. Altre applicazioni che aumentano la produttività Il TS-264 offre un App Center che include applicazioni ricche di funzioni per espandere il potenziale del NAS! QuObjects Eseguire un ambiente di sviluppo compatibile con S3 ad alte prestazioni sul TS-264 per semplificare i flussi di lavoro di sviluppo del servizio, dal test alla produzione. È possibile spostare i dati cold dal cloud ad un QuObjects locale per risparmiare sui costi dell’archiviazione cloud. Centro notifica Consolida tutti gli eventi di sistema, avvisi e notifiche di per una gestione semplificata del NAS, restando sempre informati sullo stato del NAS. Server proxy Utilizzando un TS-264 ad alta capacità come proxy server, sarà possibile accedere efficientemente alle risorse online con maggiore ottimizzazione dei costi e produttività e migliorando, nel contempo, la sicurezza di rete. QmailAgent La migliore soluzione di backup delle e-mail che consente di eseguire in modo semplice il backup/ripristino e di gestire diversi account e-mail nel loro formato nativo con elevata sicurezza e integrità dei dati. Qcontactz Gestire centralmente tutti i contatti, importare i contatti da Google™, importare/esportare le informazioni del contatto utilizzando i file CSV o vCard e sfruttare un database sempre online con le informazioni dei contatti. QuFTP Il TS-264 può essere utilizzato come server FTP dotato di crittografia SSL/TLS, controlli della banda di QoS, e impostazione delle autorizzazioni per eseguire in modo efficiente e sicuro il trasferimento di grandi quantità di dati. È supportato anche il Client FTP. Controllo dell’integrità dei dischi rigidi I dischi sono il cuore del NAS, per questo è molto importante garantirne l’integrità e affidabilità a lungo termine. QNAP offre diversi metodi e strumenti per aiutare a monitorare l’integrità dei dischi , in modo da prendere decisioni proattive per la protezione di dati e file. Scansione S.M.A.R.T. e blocchi danneggiati Nel caso di segnalazione di anomalia di uno dei valori S.M.A.R.T., o vengono rilevati blocchi danneggiati, è possibile agire in modo tempestivo e sostituire le unità prima di potenziali perdite dei dati. DA Drive Analyzer DA Drive Analyzer sfrutta l’AI basata su cloud ULINK per predire la durata prevista dei dischi, aiutando nella pianificazione della sostituzione anticipata delle unità per proteggere contro l’inattività del NAS e la perdita dei dati. Seagate® IronWolf™ Health Management Quando sono utilizzati i dischi rigidi supportati da IronWolf™ o IronWolf Pro™, il sistema viene migliorato globalmente offrendo opzioni di prevenzione, intervento e recupero attivabili. Famiglia processore Intel&#174; Celeron&#174; Produttore processore Intel Modello del processore N5095 Frequenza del processore 2 GHz Frequenza del processore turbo massima 2,9 GHz Numero di core del processore 4 Numero di threads del processore 4 Cache processore 4 MB CPU configuration (max) 1 Modello scheda grafica integrata Intel&#174; UHD Graphics RAM installata 8 GB Massima RAM supportata 8 GB Memoria flash 4000 MB Quantit&#224; porte Ethernet LAN (RJ-45) 2 Porta USB S&#236; Quantit&#224; porte USB 2.0 2 Quantit&#224; di porte USB 3.2 Gen 2 (3.1 Gen 2) di tipo A 2 Quantit&#224; porte HDMI 1 Versione HDMI 2.0 Connessioni simultanee 1500 PCI Express x2 (Gen 3.x) slots 1 Larghezza 105 mm Profondit&#224; 226 mm Altezza 168 mm Peso 1,55 kg Peso dell'imballo 2,68 kg Posizione alimentazione Esterno Capacit&#224; dell'alimentatore 65 W Consumi 12,448 W Consumo energetico (in sospensione) 8,198 W Tensione di ingresso AC 100 - 240 V Voltaggio del ventilatore 12 V Intervallo temperatura di funzionamento 0 - 40 &#176;C Range di umidit&#224; di funzionamento 5 - 95% Intervallo di temperatura -20 - 70 &#176;C Collegamento ethernet LAN S&#236; Velocit&#224; trasferimento Ethernet LAN 10,100,1000,2500 Mbit/s Server DHCP S&#236; Supporto Jumbo Frames S&#236; Supporto Iscsi S&#236; Protocolli di rete supportati IPv4, IPv6 DNS Dinamico (DDNS) S&#236; Unit&#224; di archiviazione installate No numero di dispositivi di archivio supportati 2 Tipi di unit&#224; di archiviazione installate No Tipi di unit&#224; di archiviazione supportate HDD & SSD Supporto RAID S&#236; Interfacce dell'unit&#224; di archiviazione supportate Serial ATA III Dimensioni dei dispositivi di archivio supportati 2.5,3.5 Numero di slot M.2 (M e B) 2 Livelli RAID 0, 1, JBOD Migrazione RAID online S&#236; Espansione RAID online S&#236; Ricostruzione RAID S&#236; Alloggiamenti delle unit&#224; hot-swap S&#236; Sistemi file supportati FAT32, HFS+, NTFS, exFAT, ext3, ext4 Roaming del disco S&#236; Sistema operativo incluso QNAP QTS Versione sistema operativo 5,0,1 Sistema operativo Windows supportato Windows 7 Ultimate x64, Windows 10, Windows 7 x64, Windows 10 Education, Windows 8, Windows 10 Education x64, Windows 7, Windows 8 Enterprise, Windows 10 Enterprise, Windows 7 Enterprise, Windows 8 En Sistema operativo Linux supportato S&#236; Sistemi operativi server supportati Windows Server 2019, Windows Server 2012 R2, Windows Server 2008 R2, Windows Server 2012 Altri sistemi operativi supportati Solaris 10, Solaris 10 SPARC, Solaris 11, Solaris 11 SPARC, IBM AIX 7.1, IBM AIX 7.2 Compatibilit&#224; sistema operativo Mac Mac OS X 10.13 High Sierra, Mac OS X 11.0 Big Sur, Mac OS X 10.14 Mojave, Mac OS X 12.0 Monterey, Mac OS X 10.15 Catalina, Mac OS X 10.10 Yosemite, Mac OS X 10.15.3 Catalina, Mac OS X 10.11 El Capitan Adattatore esterno S&#236; Cavi inclusi AC, LAN (RJ-45) Quantit&#224; di cavi di alimentazione 1 Guida d'installazione rapida S&#236; Numero di viti 12 Canale fibra S&#236; Tipo di case Tower Tipo di raffreddamento Attivo Colore del prodotto Nero, Oro Numero di ventole 1 ventola(e) Diametro del ventilatore 7 cm Indicatori LED HDD, LAN, Potenza, status, USB Blocco cavo S&#236; Tipologia slot blocco cavo Kensington Tecnologia potenziata Intel SpeedStep S&#236; Idle States S&#236; Intel&#174; 64 S&#236; Tecnologia Intel&#174; Trusted Execution No Tecnologia Intel&#174; Virtualization (VT-x) S&#236; Intel&#174; Virtualization Technology for Directed I/O (VT-d) S&#236; Intel&#174; VT-x with Extended Page Tables (EPT) S&#236; Tipo NAS Classe del dispositivo Casa e piccoli uffici Funzione di backup S&#236; Caratteristiche del backup Unit&#224; USB, iSCSI LUN Allarme S&#236; Supporto multilingua S&#236; Numero di utenti 4096 utente(i) Snap shot S&#236; Gestione del diritto di accesso alla cartella condivisa S&#236; Algoritmi di sicurezza supportati 256-bit AES, FIPS 140-2 Lista di controllo accesso (ACL) S&#236; Tasto reset S&#236; Interrutore On/Off S&#236; Server FTP integrato S&#236; Browser supportati Apple Safar, Google Chrome, Microsoft Edge, Mozilla Firefox Log di sistema S&#236; Hot-spare S&#236; Supporto S.M.A.R.T. S&#236; Cartelle condivise 512 Comandato a distanza S&#236; Funzione di copia USB S&#236;|13.5|Hard Disk, Ssd E Nas|Nas|Qnap|249983
Informatica|T_0383_3F43-1YC|4711103085066|TS-216G|50|250.84|QNAP TS-216G server NAS e di archiviazione Tower Collegamento ethernet LAN Bianco Cortex-A55|https://static.scaboo.com/images/_ext/1/2/0/120572976.jpg|TS-216G Il NAS QNAP 2,5GbE a 2 bay più economico. Il centro di gestione dei file più affidabile. Progettato per utenti domestici e piccoli uffici, il NAS 2,5GbE a 2 bay TS-216G raggiunge prestazioni elevate e una gestione intelligente come storage di file efficiente e affidabile. Non solo è possibile accedere, condividere e sincronizzare in modo semplice i file con diversi dispositivi, ma è anche possibile eseguire strumenti di produttività e applicazioni multimediali per ottimizzare i flussi di lavoro e la gestione dei dati. Archiviare, organizzare automaticamente e gestire in modo intelligente le foto Il backup delle foto mobile sul TS-216G è estremamente facile con la funzione Caricamento automatico delle applicazioni mobile di QNAP (Qfile Pro o QuMagie Mobile) e aiuta a liberare spazio sul telefono! E grazie agli album fotografici di QuMagie, gestiti da AI che organizzano automaticamente le foto, è ancora più semplice gestire migliaia di foto. NPU accelera le prestazioni AI del dispositivo. Riconoscimento dei volti 6 volte più veloce L’unità NPU (Neural-network Processing Unit), progettata per velocizzare le attività AI, non solo accelera il riconoscimento delle immagini e il rilevamento degli oggetti, ma riduce anche i carichi di lavoro della CPU per ottimizzare le prestazioni del NAS durante le richieste guidate dall’AI. Durante il caricamento di grandi quantità di foto sul TS-216G, è possibile sfruttare le prestazioni AI ad alta velocità per l’elaborazione delle foto grazie alla NPU. CPU Cortex-A55 quad-core 2,0 GHz a 64-bit e 4 GB di RAM Dotato del potente ARM® quad-core e di 4GB di RAM per il multitasking, oltre alla GPU integrata per una migliore conversione e transcodifica dei video, il TS-216G soddisfa le richieste delle applicazioni di archiviazione dei file, streaming multimediale e sorveglianza video per utenti domestici e piccoli uffici. Meno è meglio Il TS-216G dispone di un design elaborato ma semplice. Gli alloggiamenti per unità hot-swap consentono di rimuovere/sostituire facilmente i dischi rigidi senza interrompere le operazioni del sistema. Gestione centralizzata di tutti i file Accedi alle cartelle NAS come fossero cartelle locali: È possibile mappare le cartelle del NAS TS-216G come unità di rete sul computer e accedervi in modo semplice proprio come una unità locale. Connessione da ovunque grazie a Internet: Aprire un browser, connettersi al TS-216G e accedere ai file del NAS tramite File Station. È anche possibile montare l’archiviazione cloud su File Station e gestire tutti i file da un’unica postazione. Backup completo e ad alta velocità Grazie a una soluzione di backup completa e alla connettività 2,5GbE del TS-216G, è possibile eseguire in modo efficiente il backup dei file dai telefoni e computer e rendere la perdita di dati un ricordo del passato. Proteggere i dati dalle minacce di ransomware con gli snapshot Gli snapshot sono un metodo di backup avanzato e in genere sono riservate ai NAS aziendali di fascia alta. QNAP offre gli snapshot per tutti i NAS, incluso il TS-216G. Gli snapshot registrano lo stato corrente del sistema consentendone il ripristino in qualsiasi momento a questo stato, aiutando a mitigare le minacce di ransomware. Proteggere i dati dai malware Il TS-216G offre potenti misure di sicurezza tra cui firewall, VPN, Security Center e altro per aiutare a proteggere i dati e il sistema NAS. QuFirewall Supporta IPv6, elenchi di accesso al firewall, e filtro GeoIP per limitare l'accesso in base alle posizioni geografiche per una maggiore sicurezza di rete del NAS. QVPN Service Supporta la creazione di un client VPN, utilizzando il TS-216G come server VPN e il servizio WireGuard® VPN con un’interfaccia facile da usare per impostare una connessione sicura. Security Center Un portale di sicurezza per il TS-216G che rileva proattivamente lo stato del NAS, le attività insolite dei file, potenziali minacce alla sicurezza e offrendo misure di protezione immediate contro le vulnerabilità per salvaguardare il sistema e i dati. Sincronizzazione tra più dispositivi È possibile accedere ai file caricati sul TS-216G con tutti i tuoi laptop, tablet e telefoni sfruttando la sincronizzazione immediata. È anche utile per migliorare la collaborazione dei gruppo di lavoro! Sorveglianza domestica e del luogo di lavoro semplicata Il TS-216G può essere utilizzato come sistema di sorveglianza professionale per la sicurezza domestica e dell’ufficio. È sufficiente installare l’intuitivo QVR Elite, un software di sorveglianza intelligente basato su abbonamento e semplice da usare, insieme alle oltre 8.000 telecamere compatibili. E’ quindi possibile monitorare e riprodurre i filmati di sorveglianza utilizzando computer, browser e cellulari e ricevere notifiche instantanee quando si verifica un evento. Durata della garanzia 2 anno/i Famiglia processore Cortex-A Produttore processore ARM Modello del processore Cortex-A55 Frequenza del processore 2 GHz Numero di core del processore 4 Architettura processore ARM Cortex-A55 CPU configuration (max) 1 Modello scheda grafica integrata Arm Mali-G52 RAM installata 4 GB Massima RAM supportata 4 GB Data Integrity Check (verifica integrit&#224; dati) No Memoria flash 4000 MB Quantit&#224; porte Ethernet LAN (RJ-45) 2 Porta USB S&#236; Quantit&#224; porte USB 2.0 2 Quantit&#224; di porte USB 3.2 Gen 1 (3.1 Gen 1) di tipo A 1 Connessioni simultanee 200 Larghezza 102 mm Profondit&#224; 220,6 mm Altezza 165 mm Peso 1,45 kg Peso dell'imballo 2,41 kg Posizione alimentazione Da Incasso Capacit&#224; dell'alimentatore 65 W Numero di alimentatori 1 Consumi 13,907 W Consumo energetico (in sospensione) 4,973 W Tensione di ingresso AC 100 - 240 V Intervallo temperatura di funzionamento 0 - 40 &#176;C Range di umidit&#224; di funzionamento 5 - 95% Intervallo di temperatura -20 - 70 &#176;C Collegamento ethernet LAN S&#236; Velocit&#224; trasferimento Ethernet LAN 10,100,1000,2500 Mbit/s Supporto Jumbo Frames S&#236; Wake-on-LAN ready S&#236; Adattatore WLAN supportato S&#236; Unit&#224; di archiviazione installate S&#236; Numero di unit&#224; di archiviazione installate 2 numero di dispositivi di archivio supportati 2 Tipi di unit&#224; di archiviazione installate HDD Tipi di unit&#224; di archiviazione supportate HDD & SSD Interfaccia dispositivo di archiviazione SATA Interfacce dell'unit&#224; di archiviazione supportate SATA Dimensione del dispositivo di archiviazione 2.5/3.5 Dimensioni dei dispositivi di archivio supportati 2.5,3.5 Alloggiamenti delle unit&#224; hot-swap S&#236; Tipo di case Tower Tipo di raffreddamento Attivo Colore del prodotto Bianco Numero di ventole 1 ventola(e) Diametro del ventilatore 7 cm Indicatori LED HDD, LAN, status, USB Display incorporato S&#236; Blocco cavo S&#236; Tipologia slot blocco cavo Kensington Tipo NAS Classe del dispositivo Grandi Aziende Allarme S&#236; Tasto reset S&#236; Interrutore On/Off S&#236; Funzione di copia USB S&#236;|13.5|Hard Disk, Ssd E Nas|Nas|Qnap|249983
Informatica|T_0383_3F43-1YD|4711103085202|TS-432X-4G|15|529.91|QNAP TS-432X-4G server NAS e di archiviazione Tower Alpine Alpine AL-524 4 GB DDR4 QNAP QTS Nero|https://static.scaboo.com/images/_ext/1/2/1/121591478.jpg|Sfrutta tutto il potenziale della capacità storage a 4 bay e sprigiona la velocità 10GbE con il TS-432X! Questa versatile soluzione storage offre backup sicuro, trasmissione rapida, supporto per applicazioni container e molto altro. Conveniente ma potente, il TS-432X ottimizza l’efficienza del flusso di lavoro senza eccedere il budget. Quad-core per il multitasking Processore quad-core da 2,0 GHz e 4 GB di RAM non-ECC (espandibile fino a 16 GB, supporta la RAM ECC) 10GbE SFP+ ad alta velocità La connettività 10GbE a porta singola aumenta la velocità di trasferimento per la trasmissionie intensiva di dati, oltre a ridurre i tempi di backup. Il 2,5GbE è un must! Sfrutta il Multicanale SMB o il Port Trunking con le due porte 2,5GbE integrate per aumentare il bandwidth e la velocità di accesso. Espandibilità PCIe Gen 3 Installa una scheda di espansione PCIe per aggiungere connettività 2,5/5/10GbE o slot SSD M.2 al NAS per aumentare il potenziale I/O. Trasferimento USB e backup più veloci Due porte USB 3.2 Gen 1 (5Gbps) con supporto per la Copia One-Touch consentono un backup più rapido verso/da dispositivi USB. Backup centralizzato e protezione con snapshot Esegui in modo semplice il backup di diversi tipi di dati, endpoint e crea regolarmente le snapshot per prevenire le minacce ransomware. TS-432X-4G AnnapurnaLabs, una società Amazon Alpine AL524, 4-core, 2.0GHz, DDR4 SODIMM da 4 GB (1 da 4GB) Processore quad-core ad alte prestazioni e a basso consumo energetico Il TS-432X adotta un processore quad-core con 4 GB di memoria integrata, per offrire eccellenti prestazioni di lettura/scrittura con un basso consumo energetico, rendendolo affidabile per l’hosting di applicazioni NAS versatili in ufficio. Migliorare i flussi di lavoro con la rete 10GbE Creare un ambiente di rete flessibile, ad alta velocità per ottimizzare la collaborazione del team. 1. Accesso diretto rapido per le persone: Utilizza le porte 2,5GbE e 10GbE integrate del TS-432X per ottenere velocità LAN più elevate. 2. Collaborazione efficiente con più utenti: Implementa il TS-432X con schede di espansione e switch QNAP 10GbE SFP+ per collegare più dispositivi. Moltiplica il bandwidth per ottimizzare le attività Utilizzando le porte di rete integrate o installando una scheda di espansione, è possibile massimizzare la banda di rete del TS-432X aggregando due o più porte di rete della stessa velocità. Scegliere tra le seguenti opzioni in base alle proprie necessità: Multicanale SMB: Adatto per piccoli uffici/utenti domestici. Moltiplicare la banda disponibile tra NAS e i client connessi direttamente per accelerare la velocità di trasferimento dei file. Trunking di porta: Consigliato per aziende di medie e grandi dimensioni in cui l'infrastruttura IT prevede switch di rete e più utenti finali. Elevate capacità I/O con l’espansione PCIe Il TS-432X è dotato di uno slot PCIe Gen 3 x 4 che supporta una serie di schede di espansione per massimizzare la versatilità applicativa. Archiviazione, backup e sorveglianza video. Noi offriamo tutto. Storage Smart Le esclusive applicazioni di QNAP offrono strumenti intuitivi di archiviazione dei file e di collaborazione. Le snapshot aiutano inoltre a proteggere i dati importanti dai ransomware. Backup semplice Prestazioni hardware superiori con una soluzione di backup all-in-one per velocizzare le attività di backup/recupero. Sorveglianza Smart Trasforma il TS-432X in un NAS di sorveglianza professionale all-in-one, compatibile con oltre 8.000 telecamere IP e telecamere compatibili con ONVIF. Applicazioni host di tipo container Se si ha curiosità riguardo Docker o si è uno sviluppatore dilettante, Container Station sul TS-432X integra la tecnologia di virtualizzazione leggera Docker® che consente di eseguire tutti i tipi di applicazioni indipendenti. È possibile scaricare le applicazioni dal Docker Hub® integrato, incluse le applicazioni più popolari e configurate, ed installarle con un solo clic. Dalle smart homes alle applicazioni multimediali, è possibile esplorare la propria creatività e dare vita alle applicazioni in container. Oltre Container Station, nell’App Center sono disponibili altre applicazioni (inclusi strumenti per il backup/sincronizzazione, gestione dei contenuti, comunicazioni, download e intrattenimento). È sufficiente fare clic e installarle a richiesta per estendere ulteriormente le funzionalità del TS-432X. Cybersecurity migliorata e protezione dei dati Il TS-432X è configurato con impostazioni complete per i privilegi e misure di protezione per bloccare gli attacchi malevoli, oltre a garantire la sicurezza dei dati del NAS. Controllo dello stato di salute dei dischi e previsione dei guasti DA Drive Analyzer sfrutta l’AI basata su cloud ULINK per predire la durata di vita prevista dei dischi, aiutandoti a pianificaziore le future sostituzioni dei dischi per proteggere contro l’inattività del NAS e la perdita dei dati. Meno imballaggio. Più sostenibilità. Il TS-432X è fornito di una confezione protettiva più leggera, che ne garantisce la sicurezza riducendo gli sprechi. Famiglia processore Alpine Produttore processore Annapurna Labs Modello del processore Alpine AL-524 Frequenza del processore 2 GHz Numero di core del processore 4 RAM installata 4 GB Tipo di RAM DDR4 Massima RAM supportata 16 GB Slot memoria 1 Fattore di forma memoria SO-DIMM Data Integrity Check (verifica integrit&#224; dati) S&#236; Memoria flash 512 MB Quantit&#224; porte Ethernet LAN (RJ-45) 2 Porta USB S&#236; Quantit&#224; di porte USB 3.2 Gen 1 (3.1 Gen 1) di tipo A 2 Porte Fibre Channel 1 Connettore a fibra ottica SFP+ Slot PCI Express x4 (Gen 3.x) 1 Larghezza 170 mm Profondit&#224; 165 mm Altezza 226,5 mm Peso 1,99 kg Peso dell'imballo 4,8 kg Posizione alimentazione Esterno Capacit&#224; dell'alimentatore 90 W Tensione di ingresso AC 100 - 240 V Voltaggio di uscita 12 V Intervallo temperatura di funzionamento 0 - 40 &#176;C Range di umidit&#224; di funzionamento 5 - 95% Intervallo di temperatura -20 - 70 &#176;C Umidit&#224; 5 - 95% Collegamento ethernet LAN S&#236; Velocit&#224; trasferimento Ethernet LAN 100,1000,2500 Mbit/s Velocit&#224; di trasmissione Ethernet LAN supportata (max) 10000 Mbit/s Server DHCP S&#236; Supporto Jumbo Frames S&#236; Supporto Iscsi S&#236; Wake-on-LAN ready S&#236; Protocolli di rete supportati IPv4, IPv6 DNS Dinamico (DDNS) S&#236; Unit&#224; di archiviazione installate No Numero di unit&#224; di archiviazione installate 0 numero di dispositivi di archivio supportati 4 Tipi di unit&#224; di archiviazione installate No Tipi di unit&#224; di archiviazione supportate HDD & SSD Capacit&#224; dell'unit&#224; di archiviazione 0 GB Supporto RAID S&#236; Interfacce dell'unit&#224; di archiviazione supportate SATA, Seriale ATA II, Serial ATA III Dimensioni dei dispositivi di archivio supportati 2.5,3.5 Livelli RAID 0, 1, 5, 6, 10, 50, JBOD Migrazione RAID online S&#236; Espansione RAID online S&#236; Ricostruzione RAID S&#236; Alloggiamenti delle unit&#224; hot-swap S&#236; Sistemi file supportati FAT32, HFS+, NTFS, ext3, ext4 Ricostruzione automatica S&#236; Roaming del disco S&#236; Sistema operativo incluso QNAP QTS Versione sistema operativo 5,1,7 Sistema operativo Windows supportato Windows 10, Windows 11, Windows 7, Windows 8 Sistema operativo Linux supportato S&#236; Sistemi operativi server supportati Windows Server 2008 R2, Windows Server 2012, Windows Server 2012 R2 Core, Windows Server 2016, Windows Server 2022 Altri sistemi operativi supportati Solaris 10, Solaris 10 SPARC, Solaris 11, Solaris 11 SPARC Compatibilit&#224; sistema operativo Mac Mac OS X 10.10 Yosemite, Mac OS X 10.11 El Capitan, Mac OS X 10.12 Sierra, Mac OS X 10.13 High Sierra, Mac OS X 10.14 Mojave, Mac OS X 10.15 Catalina, Mac OS X 10.15.3 Catalina, Mac OS X 11.0 Big Sur, Adattatore esterno S&#236; Cavi inclusi AC, LAN (RJ-45) Quantit&#224; di cavi di alimentazione 1 Numero di viti 28 Tipo di imballo Scatola Tipo di case Tower Tipo di raffreddamento Attivo Colore del prodotto Nero Numero di ventole 1 ventola(e) Diametro del ventilatore 12 cm Indicatori LED HDD, LAN, Potenza, status, USB Display incorporato No Blocco cavo S&#236; Tipologia slot blocco cavo Kensington Tipo NAS Classe del dispositivo Casa e piccoli uffici Funzione di backup S&#236; Caratteristiche del backup Cloud, Unit&#224; USB Allarme S&#236; Numero di utenti 4096 utente(i) Snap shot S&#236; Lista di controllo accesso (ACL) S&#236; Tasto reset S&#236; Interrutore On/Off S&#236; Server FTP integrato S&#236; Browser supportati Apple Safari, Google Chrome, Microsoft Edge, Mozilla Firefox Log di sistema S&#236; Hot-spare S&#236; Supporto S.M.A.R.T. S&#236;|13.5|Hard Disk, Ssd E Nas|Nas|Qnap|249983
Informatica|T_0383_3419-00L|4711174725496|HAT5310-20T|13|828.37|Synology Enterprise 3.5 20 TB Serial ATA III|https://static.scaboo.com/images/_ext/1/2/0/120245467.jpg|Consumo di energia (in lettura) 8,11 W Consumo di energia (in scrittura) 8,11 W Tensione di esercizio 5 / 12 V Intervallo temperatura di funzionamento 5 - 60 &#176;C Intervallo di temperatura -40 - 70 &#176;C Dimensione hard disk 3.5 Capacit&#224; hard disk 20 TB Velocit&#224; di rotazione hard disk 7200 Giri/min Interfaccia Serial ATA III Tipo HDD Componente per NAS Dimensione del buffer HDD 512 MB Velocit&#224; di trasferimento sostenuta dal disco rigido 281 MiB/s Funzionamento 24/7 S&#236;|13.5|Hard Disk, Ssd E Nas|Hard Disk Interni|Synology|249983
Informatica|T_0383_3419-00G|4711174725588|HAT3310-12T|50|441.1|Synology HAT3310-12T disco rigido interno 3.5 12 TB SATA|https://static.scaboo.com/images/_ext/1/1/7/117077053.jpg|Durata della garanzia 3 anno/i Larghezza 101,8 mm Altezza 26,1 mm Profondit&#224; 147 mm Peso 720 g Consumo di energia (in lettura) 6,85 W Consumo di energia (in scrittura) 6,85 W Consumo energetico (inattivo) 3,3 W Tensione di esercizio 5 / 12 V Intervallo temperatura di funzionamento 5 - 60 &#176;C Intervallo di temperatura -40 - 70 &#176;C Range di umidit&#224; di funzionamento 5 - 90% Umidit&#224; 5 - 95% Altitudine di funzionamento -304,8 - 3048 m Altitudine di non-funzionamento -304,8 - 12192 m Dimensione hard disk 3.5 Capacit&#224; hard disk 12 TB Velocit&#224; di rotazione hard disk 7200 Giri/min Interfaccia SATA Tipo HDD Componente per NAS Velocit&#224; di trasferimento dell'interfaccia del disco rigido 6 Gbit/s Velocit&#224; di trasferimento sostenuta dal disco rigido 281 MiB/s Funzionamento 24/7 S&#236; Limite della frequenza di carico di lavoro 180 TB/anno Rumorosit&#224; (in sospeso) 20 dB Tempo medio tra guasti (MTBF) 1200000 h Certificazione CE, RCM, BSMI, KC, UKCA, UL, TUV, ICES, RoHS|13.5|Hard Disk, Ssd E Nas|Hard Disk Interni|Synology|249983
Informatica|T_0383_3419-00H|4711174725595|HAT3310-16T|50|507.65|Synology HAT3310-16T disco rigido interno 3.5 16 TB SATA|https://static.scaboo.com/images/_ext/1/1/8/118379997.jpg|Durata della garanzia 3 anno/i Larghezza 101,8 mm Altezza 26,1 mm Profondit&#224; 147 mm Peso 720 g Consumo di energia (in lettura) 8,41 W Consumo di energia (in scrittura) 8,41 W Consumo energetico (inattivo) 5,61 W Tensione di esercizio 5 / 12 V Intervallo temperatura di funzionamento 5 - 65 &#176;C Intervallo di temperatura -40 - 70 &#176;C Range di umidit&#224; di funzionamento 5 - 90% Umidit&#224; 5 - 95% Altitudine di funzionamento -304,8 - 3048 m Altitudine di non-funzionamento -304,8 - 12192 m Dimensione hard disk 3.5 Capacit&#224; hard disk 16 TB Velocit&#224; di rotazione hard disk 7200 Giri/min Interfaccia SATA Tipo HDD Componente per NAS Velocit&#224; di trasferimento dell'interfaccia del disco rigido 6 Gbit/s Velocit&#224; di trasferimento sostenuta dal disco rigido 281 MiB/s Funzionamento 24/7 S&#236; Limite della frequenza di carico di lavoro 180 TB/anno Rumorosit&#224; (in sospeso) 20 dB Tempo medio tra guasti (MTBF) 1000000 h Certificazione CE, RCM, BSMI, KC, UKCA, UL, TUV, ICES, RoHS|13.5|Hard Disk, Ssd E Nas|Hard Disk Interni|Synology|249983
Informatica|T_0383_4M41-00P|4711377245920|S12-4301260-CLA|11|20.1|MSI VERSA 300 mouse Gaming Mano destra RF Wireless + Bluetooth + USB Type-C Ottico 8000 DPI|https://static.scaboo.com/images/_ext/1/2/2/122797070.jpg|Sistema operativo Windows supportato S&#236; Larghezza 125 mm Profondit&#224; 64 mm Altezza 41 mm Peso 60 g Alimentazione Batterie Durata batteria 50 h Quantit&#224; per pacco 1 pz Tipo di imballo Scatola da appendere Lunghezza cavo 2 m Ricevitore incluso S&#236; interfaccia ricevitore senza fili USB tipo A Fattore di forma Mano destra Colore del prodotto Nero Colorazione superficie Monocromatico Illuminazione S&#236; colore d'illuminazione Blu, Verde, Rosso Utilizzo Gaming Interfaccia dispositivo RF Wireless + Bluetooth + USB Type-C Tecnologia di rilevamento del movimento Ottico Risoluzione movimento 8000 DPI Tipo di scorimmento Rotella Numero di tasti 6 Numero di rotelle 1 Direzioni di scorrimento Verticale Tipo di pulsanti Tasti premuti Durata dei tasti (milioni di clic) 30 Risoluzione di movimento personalizzabile S&#236; Tempo di risposta 1 ms Tasso di polling regolabile S&#236; Polling rate 1000 Hz|13.5|Accessori|Cavi E Accessori|Msi|249983
Informatica|T_0383_2229-01M|4711387414521|90RC00S1-M0UAY0|33|93.87|ASUS ROG Strix LC III 240 ARGB Processore Kit di raffreddamento a liquido 12 cm Nero|https://static.scaboo.com/images/_ext/1/1/8/118307187.jpg|Larghezza radiatore 27,2 cm Profondit&#224; radiatore 12,1 cm Altezza radiatore 2,7 cm Lunghezza tubo 40 cm Ampiezza dell'idroblocco 7,2 cm Profondit&#224; dell'idroblocco 7,2 cm Altezza dell'idroblocco 6,1 cm Colore del prodotto Nero Materiali radiatore Alluminio Materiale della piastra di base Rame Numero di ventole 2 ventola(e) Illuminazione a LED S&#236; colore d'illuminazione Multi Materiale waterblock Rame Tipo di display LCD Ambiente di utilizzo Processore Tipo Kit di raffreddamento a liquido Diametro del ventilatore 12 cm Socket Processori supportati LGA 1150 (Socket H3), LGA 1151 (Socket H4), LGA 1155 (Socket H2), LGA 1156 (Socket H), LGA 1200 (Socket H5), LGA 1700, Socket AM4, Presa di corrente AM5 Rumorosit&#224; (velocit&#224; alta) 36 dB flusso d'aria massimo 70,38 pdc/min Supporto per modulazione di larghezza di impulso (PWM) S&#236; Livello di rumore della ventola (max) 36 dB Velocit&#224; del motore della pompa (min) 800 Giri/min Velocit&#224; del motore della pompa (max) 2800 Giri/min Velocit&#224; del ventilatore (min) 800 Giri/min Velocit&#224; del ventilatore (max) 2200 Giri/min Pressione statica della ventola 3,92 mmH2O|13.5|Componenti pc|Dissipatori|Asus|249983
Informatica|T_0383_2229-01G|4711387414590|90RC00T1-M0UAY0|14|119.59|ASUS ROG Strix LC III 360 ARGB Processore Kit di raffreddamento a liquido 12 cm Nero|https://static.scaboo.com/images/_ext/1/1/8/118307186.jpg|Larghezza radiatore 39,4 cm Profondit&#224; radiatore 12,1 cm Altezza radiatore 2,7 cm Lunghezza tubo 40 cm Ampiezza dell'idroblocco 7,2 cm Profondit&#224; dell'idroblocco 7,2 cm Altezza dell'idroblocco 6,1 cm Peso 1,62 kg Dimensione della ventola (L x P x A) 120 x 120 x 25 mm Larghezza imballo 404 mm Profondit&#224; imballo 207 mm Altezza imballo 135,5 mm Peso dell'imballo 2,4 kg Colore del prodotto Nero Materiali radiatore Alluminio Materiale della piastra di base Rame Numero di ventole 3 ventola(e) Numero dei condotti termici 2 Illuminazione a LED S&#236; colore d'illuminazione Multi Materiale waterblock Rame Tipo di display LCD Ambiente di utilizzo Processore Tipo Kit di raffreddamento a liquido Diametro del ventilatore 12 cm Socket Processori supportati LGA 1150 (Socket H3), LGA 1151 (Socket H4), LGA 1155 (Socket H2), LGA 1156 (Socket H), LGA 1200 (Socket H5), LGA 1700, Socket AM4, Presa di corrente AM5 Rumorosit&#224; (velocit&#224; alta) 36 dB flusso d'aria massimo 70,38 pdc/min Supporto per modulazione di larghezza di impulso (PWM) S&#236; Livello di rumore della ventola (max) 36 dB Velocit&#224; del motore della pompa (min) 800 Giri/min Velocit&#224; del motore della pompa (max) 2800 Giri/min Velocit&#224; del ventilatore (min) 800 Giri/min Velocit&#224; del ventilatore (max) 2200 Giri/min Pressione statica della ventola 3,92 mmH2O|13.5|Componenti pc|Dissipatori|Asus|249983
Informatica|T_0383_2A28-01P|4711387478752|90DC00I0-B19000|19|90.99|ASUS TUF Gaming GT302 ARGB Midi Tower Nero|https://static.scaboo.com/images/_ext/1/1/9/119776221.jpg|Quantit&#224; di porte USB 3.2 Gen 1 (3.1 Gen 1) di tipo A 2 Quantit&#224; di porte USB Tipo C 1 Jack combinato per microfono/auricolare S&#236; Larghezza 235 mm Profondit&#224; 485 mm Altezza 520 mm Peso 11,5 kg Dimensioni di hard disk drive supportati 2.5,3.5 Larghezza imballo 592 mm Profondit&#224; imballo 309 mm Altezza imballo 598 mm Peso dell'imballo 13,8 kg Ventole anteriori installate 3x 140 mm Numero massimo di ventole frontali 3 Diametro delle ventole frontali supportato 140 mm Rear fans installed 1x 140 mm Numero massimo ventole posteriori 1 Diametro delle ventole posteriori supportato 120,140 mm Numero massimo di ventole superiori 3 Diametri delle ventole superiori supportati 120,140 mm Dimensioni del radiatore anteriore supportate 140,280 mm Dimensioni del radiatore posteriore supportate 120,140 mm Dimensioni del radiatore superiore supportate 120,140,240,280,360 mm Supporto per modulazione di larghezza di impulso (PWM) S&#236; Fattore di forma Midi Tower Tipo PC Colore del prodotto Nero Fattore di forma scheda madre supportato EATX, ATX, micro ATX, Mini-ITX Numero di vani per drive 3.5 2 Numero di attacchi da 2.5 2 numero di slot espansivi 8 Illuminazione S&#236; colore d'illuminazione Multi Pannello(i) di vetro temprato S&#236; Filtro anti polvere S&#236; Gestione dei cavi ottimizzata S&#236; Pulsante on/off S&#236; Altezza massima dissipatori CPU 16,5 cm lunghezza massima scheda grafica 40,7 cm Lunghezza massima PSU 22 cm|13.5|Accessori|Cavi E Accessori|Asus|249983
Informatica|T_0383_4K18-008|4711387509227|90GC01N0-MSG050|15|261.4|ASUS ROG CHARIOT X CORE Sedia per gaming universale Seduta imbottita Nero, Grigio|https://static.scaboo.com/images/_ext/1/1/9/119814882.jpg|Larghezza 700 mm Profondit&#224; 710 mm Altezza (min.) 129 cm Altezza (max) 137,5 cm Peso 25 kg Quantit&#224; per pacco 1 pz Larghezza imballo 900 mm Profondit&#224; imballo 700 mm Altezza imballo 370 mm Peso dell'imballo 30 kg Tipo di imballo Scatola Poggiatesta S&#236; Poggiatesta regolabile S&#236; Cuscino lombare S&#236; Blocco inclinazione S&#236; Tipo di prodotto Sedia per gaming universale Peso massimo per utente 136 kg Tipo di seduta Seduta imbottita Tipo di schienale Bracciolo rigido Bracciolo S&#236; Altezza minima dell'utente 160 cm Altezza massima dell'utente 190 cm Colore della base Nero Materiale di base Alluminio Colore del sedile Nero, Grigio Materiale del sedile Pelle, Poliuretano Colore dello schienale Nero, Grigio Materiale dello schienale Poliuretano (PU) Bracciolo regolabile S&#236; Tipo di regolazione del bracciolo Bracciolo 4D Inclinazione 90 - 155&#176; Design ergonomico S&#236; Classe di sollevamento pneumatico 4 Numero di ruote 5 ruota(e) Materiale della ruota Poliuretano (PU) Diametro della ruota 6 cm Regolazione altezza 8,5 cm Inclinazione regolabile S&#236;|13.5|Gaming||Asus|249983
Informatica|T_0383_5026-00M|4711387680681|90IG09G0-MO0B00|27|46.14|ASUS PCE-BE6500 Interno WLAN / Bluetooth 2882 Mbit/s|https://static.scaboo.com/images/_ext/1/2/2/122738712.jpg|Sistema operativo Windows supportato Windows 11 Tecnologia di connessione Wireless Interfaccia host PCI Express Interfaccia WLAN / Bluetooth Larghezza 120,5 mm Profondit&#224; 88,5 mm Altezza 21,6 mm Peso 51,6 g Velocit&#224; massima di trasferimento dati 2882 Mbit/s Standard di rete IEEE 802.11ac, IEEE 802.11ax, IEEE 802.11be, IEEE 802.11n Wi-Fi S&#236; Banda Wi-Fi Tri-band (2,4 GHz/5 GHz/6 GHz) Range di frequenza 2,4 - 6 GHz Wi-Fi standard Wi-Fi 7 (802.11be) Standard Wi-Fi Wi-Fi 4 (802.11n), Wi-Fi 5 (802.11ac), Wi-Fi 6 (802.11ax), Wi-Fi 6E (802.11ax), Wi-Fi 7 (802.11be) Algoritmi di sicurezza supportati WPA3 Bluetooth S&#236; Versione Bluetooth 5.4 Larghezza imballo 220 mm Profondit&#224; imballo 139 mm Altezza imballo 75 mm Peso dell'imballo 230 g Guida d'installazione rapida S&#236; Interno S&#236; Componente per PC Colore del prodotto Nero, Acciaio inox Antenna S&#236; Design dell'antenna Esterno|13.5|Accessori|Cavi E Accessori|Asus|249983
Informatica|T_0383_2301-A2C|4711387730775|90MB1IG0-M0EAY0|14|344.31|ASUS ProArt X870E-CREATOR WIFI AMD X870E Socket AM5 ATX|https://static.scaboo.com/images/_ext/1/2/2/122344458.jpg|Produttore processore AMD Presa per processore Socket AM5 Socket Processori supportati Socket AM5 Tipi di memoria supportati DDR5-SDRAM Numero di slot di memoria 4 RAM massima supportata 192 GB tipo di slot di memoria DIMM Canali di memoria Dual-channel ECC \u0441ompatibility ECC & Non-ECC Senza buffer S&#236; Larghezza 305 mm Profondit&#224; 244 mm Wi-Fi S&#236; Collegamento ethernet LAN S&#236; Tipo di interfaccia Ethernet 2.5 Gigabit Ethernet, 10 Gigabit Ethernet Wi-Fi standard Wi-Fi 7 (802.11be) Standard Wi-Fi Wi-Fi 7 (802.11be) Bluetooth S&#236; Versione Bluetooth 5.4 Connettori USB 2.0 3 Connettori USB 3.2 Gen 1 (3.1 Gen 1) 1 Connettori USB 3.2 Gen 2 (3.1 Gen 2) 0 Numero di connettori SATA III 4 Connettori USB 3.2 Gen 2x2 1 Connettore pannello audio frontale S&#236; Connettore ATX (24-PIN) S&#236; Connettore ventola CPU S&#236; Numero di connettori ventola chassis 5 Connettore d'intrusione del telaio S&#236; Numero di connettori COM 1 Connettore con potenza 12V S&#236; Quantit&#224; porte USB 2.0 1 Quantit&#224; di porte USB 3.2 Gen 1 (3.1 Gen 1) di tipo A 0 Quantit&#224; di porte USB 3.2 Gen 1 (3.1 Gen 1) di tipo C 0 Quantit&#224; di porte USB 3.2 Gen 2 (3.1 Gen 2) di tipo A 7 Quantit&#224; di porte USB 3.2 Gen 2 (3.1 Gen 2) di tipo C 0 Quantit&#224; porte Ethernet LAN (RJ-45) 2 Quantit&#224; porte VGA (D-Sub) 0 Quantit&#224; porte HDMI 1 Quantit&#224; porte DVI-D 0 Quantit&#224; di porte USB 3.2 Gen 2x2 Tipo C 1 Quantit&#224; di porte USB4 Gen 2x2 2 Quantit&#224; DisplayPorts 1 Microfono, spinotto d'ingresso S&#236; Spinotto antenna WiFi-AP 1 Interfacce dell'unit&#224; di archiviazione supportate M.2, SATA III Tipi di unit&#224; di archiviazione supportate HDD & SSD Numero di hard drive supportati 4 numero di dispositivi di archivio supportati 8 Supporto RAID S&#236; Livelli RAID 0, 1, 10, 5 Cavi inclusi DisplayPort, SATA Slot PCI Express x16 (Gen 4.x) 1 Slot PCI Express x16 (Gen 5.x) 2 Numero di slot di M.2 (M) 4 Tipo BIOS UEFI AMI Dimensione memoria BIOS 256 Mbit Tasto di azzeramento CMOS S&#236; Tecnologia di processo parallela Non supportato Componente per PC Fattore di forma scheda madre ATX Famiglia di chipset per scheda madre AMD Chipset scheda madre AMD X870E Sistema audio 7.1 canali Chip audio Realtek S1220A Sistema operativo Windows supportato Windows 11|13.5|Componenti pc|Schede Madri|Asus|249983
Audio E tv|T_0383_4T04-02D|4711387751794|90YH0410-BHUA00|15|98.57|ASUS ROG Pelta Auricolare Con cavo e senza cavo A Padiglione Gaming USB tipo-C Bluetooth Nero|https://static.scaboo.com/images/_ext/1/2/2/122751889.jpg|Sistema operativo mobile supportato Android, iOS Tecnologia di connessione Con cavo e senza cavo Collegamento del dispositivo USB S&#236; Connettore USB USB tipo-C Bluetooth S&#236; Connettivit&#224; RF S&#236; Banda di frequenza 2.4 GHz Peso 309 g Porta di ricarica USB Type-C S&#236; Potenza di ricarica richiesta (min) 2,75 W Potenza di ricarica richiesta (max) 2,75 W Alimentazione USB S&#236; Larghezza imballo 249 mm Profondit&#224; imballo 214 mm Altezza imballo 102 mm Peso dell'imballo 720 g Tipo di microfono Asta Frequenza microfono 100 - 10000 Hz Sensibilit&#224; microfono -40 dB Tipo direzionamento microfono Unidirezionale Cancellazione del rumore del microfono No Disegno auricolare Circumaurale Frequenza cuffia 20 - 20000 Hz Impedenza 32 \u03a9 Unit&#224; driver 5 cm Materiale diaframma Titanio Adattatore AC/DC No Guida rapida S&#236; Ricevitore incluso S&#236; interfaccia ricevitore senza fili USB tipo-C Scheda di garanzia S&#236; Cavi inclusi Da USB tipo A a USB tipo C Funzionamento a batteria S&#236; Capacit&#224; della batteria 900 mAh Ricarica rapida 15 min Fonte di ricarica USB Tipo di prodotto Auricolare Stile d'uso A Padiglione Utilizzo raccomandato Gaming Colore del prodotto Nero Tipo di auricolare Stereofonico Ripiegabile No Lunghezza cavo 1,8 m Retroilluminazione S&#236; Colore retroilluminazione Multicolore Prodotti compatibili PCMACPlayStation&#174; 4PlayStation&#174; 5Nintendo SwitchiPadiOSAndroidBluetooth device|13.5|Tutto Audio E tv||Asus|249983
Informatica|T_0383_2301-A35|4711387781609|90MB1J30-M0EAY0|34|132.8|ASUS TUF GAMING B850-PLUS WIFI AMD B850 Socket AM5 ATX|https://static.scaboo.com/images/_ext/1/2/4/124770326.jpg|Produttore processore AMD Presa per processore Socket AM5 Processori compatibili AMD Ryzen 7000 Series, AMD Ryzen 8000 Series, AMD Ryzen 9000 Series Socket Processori supportati Socket AM5 Tipi di memoria supportati DDR5-SDRAM Numero di slot di memoria 4 RAM massima supportata 192 GB tipo di slot di memoria DIMM Canali di memoria Dual-channel Compatibilit&#224; ECC ECC & Non-ECC Velocit&#224; di clock della memoria supportata (max) 8000 MHz Senza buffer S&#236; Larghezza 305 mm Profondit&#224; 244 mm Wi-Fi S&#236; Collegamento ethernet LAN S&#236; Tipo di interfaccia Ethernet 2.5 Gigabit Ethernet Wi-Fi standard Wi-Fi 7 (802.11be) Standard Wi-Fi Wi-Fi 7 (802.11be) Bluetooth S&#236; Versione Bluetooth 5.4 Connettori USB 2.0 2 Connettori USB 3.2 Gen 1 (3.1 Gen 1) 1 Connettori USB 3.2 Gen 2 (3.1 Gen 2) 1 Numero di connettori SATA III 4 Numero di connettori SATA II 0 Numero di connettori SATA 0 Connettore pannello audio frontale S&#236; Connettore del pannello anteriore S&#236; Connettore ATX (24-PIN) S&#236; Connettore ventola CPU S&#236; Numero di connettori della ventola della CPU 2 Numero di connettori ventola chassis 4 Connettore d'intrusione del telaio S&#236; Connettore di potenza EPS (8-Pin) S&#236; Numero di connettori di alimentazione EPS (8 pin) 2 Numero di connettori COM 1 Porte Thunderbolt 1 Numero di connettori per la pompa dell'acqua 1 Connettore LED RGB S&#236; Numero di pin header per LED RGB 3 Quantit&#224; porte USB 2.0 2 Quantit&#224; di porte USB 3.2 Gen 1 (3.1 Gen 1) di tipo A 4 Quantit&#224; di porte USB 3.2 Gen 1 (3.1 Gen 1) di tipo C 0 Quantit&#224; di porte USB 3.2 Gen 2 (3.1 Gen 2) di tipo A 3 Quantit&#224; di porte USB 3.2 Gen 2 (3.1 Gen 2) di tipo C 0 Quantit&#224; porte Ethernet LAN (RJ-45) 1 Quantit&#224; porte VGA (D-Sub) 0 Quantit&#224; porte HDMI 1 Quantit&#224; porte DVI-D 0 Quantit&#224; di porte USB 3.2 Gen 2x2 Tipo C 1 Versione HDMI 2.1 Quantit&#224; DisplayPorts 1 versione DisplayPort 1.4 Uscite per cuffie 1 Ingresso di linea S&#236; Microfono, spinotto d'ingresso S&#236; Spinotto antenna WiFi-AP 2 Interfacce dell'unit&#224; di archiviazione supportate M.2, SATA III Tipi di unit&#224; di archiviazione supportate HDD & SSD Numero di hard drive supportati 4 numero di dispositivi di archivio supportati 7 Supporto RAID S&#236; Livelli RAID 0, 1, 5, 10 Larghezza imballo 353 mm Profondit&#224; imballo 273 mm Altezza imballo 68 mm Peso dell'imballo 1,81 kg Cavi inclusi SATA Antenna inclusa S&#236; Slot PCI Express x1 (Gen 4.x) 2 Slot PCI Express x16 (Gen 4.x) 1 Slot PCI Express x16 (Gen 5.x) 1 Numero di slot di M.2 (M) 3 Dimensione massima del primo connettore Key M.2 2280 Generazione massima PCI Express del primo M.2 5.0 Dimensione massima del secondo connettore Key M.2 22110 Generazione massima PCI Express del secondo M.2 4.0 Dimensione massima del terzo connettore Key M.2 2280 Generazione massima PCI Express del terzo M.2 4.0 Tipo BIOS UEFI AMI Dimensione memoria BIOS 256 Mbit Tasto di azzeramento CMOS S&#236; quantit&#224; porte mSATA 0 Peso 1,32 kg Guida d'installazione rapida S&#236; Tecnologia di processo parallela Non supportato Scheda grafica integrata No Risoluzione massima 7680 x 4320 Pixel Componente per PC Fattore di forma scheda madre ATX Famiglia di chipset per scheda madre AMD Chipset scheda madre AMD B850 Sistema audio 7.1 canali Chip audio Realtek ALC1220 Colore del prodotto Nero Tipologia alimentazione ATX Sistema operativo Windows supportato Windows 11|13.5|Componenti pc|Schede Madri|Asus|249983
Informatica|T_0383_2301-A4S|4711387931509|90MB1L80-M0EAY0|15|131.4|ASUS PRIME B850-PLUS WIFI AMD B850 Socket AM5 ATX|https://static.scaboo.com/images/_ext/1/2/5/125238769.jpg|Produttore processore AMD Presa per processore Socket AM5 Processori compatibili AMD Ryzen 7000 Series, AMD Ryzen 8000 Series, AMD Ryzen 9000 Series Tipi di memoria supportati DDR5-SDRAM Numero di slot di memoria 4 RAM massima supportata 256 GB tipo di slot di memoria DIMM Canali di memoria Dual-channel Compatibilit&#224; ECC ECC & Non-ECC Velocit&#224; di clock della memoria supportata (max) 8000 MHz Senza buffer S&#236; Larghezza 305 mm Profondit&#224; 244 mm Altezza 48 mm Wi-Fi S&#236; Collegamento ethernet LAN S&#236; Tipo di interfaccia Ethernet 2.5 Gigabit Ethernet Wi-Fi standard Wi-Fi 6E (802.11ax) Bluetooth S&#236; Versione Bluetooth 5.3 Connettori USB 2.0 3 Connettori USB 3.2 Gen 1 (3.1 Gen 1) 2 Connettori USB 3.2 Gen 2 (3.1 Gen 2) 0 Numero di connettori SATA III 4 Connettore uscita S/PDIF S&#236; Connettore pannello audio frontale S&#236; Connettore ATX (24-PIN) S&#236; Connettore ventola CPU S&#236; Numero di connettori della ventola della CPU 1 Numero di connettori ventola chassis 4 Connettore d'intrusione del telaio S&#236; Connettore di potenza EPS (8-Pin) S&#236; Numero di connettori COM 1 Connettore TPM S&#236; Porte Thunderbolt 1 Connettore con potenza 12V S&#236; Quantit&#224; porte USB 2.0 2 Quantit&#224; di porte USB 3.2 Gen 1 (3.1 Gen 1) di tipo A 2 Quantit&#224; di porte USB 3.2 Gen 1 (3.1 Gen 1) di tipo C 0 Quantit&#224; di porte USB 3.2 Gen 2 (3.1 Gen 2) di tipo A 3 Quantit&#224; di porte USB 3.2 Gen 2 (3.1 Gen 2) di tipo C 1 Quantit&#224; porte Ethernet LAN (RJ-45) 1 Quantit&#224; porte VGA (D-Sub) 0 Quantit&#224; porte HDMI 1 Quantit&#224; porte DVI-D 0 Quantit&#224; DisplayPorts 1 Microfono, spinotto d'ingresso S&#236; Interfacce dell'unit&#224; di archiviazione supportate M.2, SATA III Tipi di unit&#224; di archiviazione supportate HDD & SSD Numero di hard drive supportati 4 numero di dispositivi di archivio supportati 7 Supporto RAID S&#236; Livelli RAID 0, 1, 5, 10 Larghezza imballo 353 mm Profondit&#224; imballo 68 mm Altezza imballo 273 mm Peso dell'imballo 1,26 kg Slot PCI Express x16 (Gen 3.x) 2 Slot PCI Express x16 (Gen 4.x) 1 Numero di slot di M.2 (M) 3 Tipo BIOS UEFI AMI Dimensione memoria BIOS 256 Mbit Peso 1,05 kg Tecnologia di processo parallela Non supportato Componente per PC Fattore di forma scheda madre ATX Famiglia di chipset per scheda madre AMD Chipset scheda madre AMD B850 Sistema audio 7.1 canali Colore del prodotto Multicolore Sistema operativo Windows supportato Windows 10 x64, Windows 11 Sistema operativo compatibile Windows 11, Windows 10 64-bit|13.5|Componenti pc|Schede Madri|Asus|249983
Informatica|T_0383_2B08-03Q|4711475648302|W0750RE|50|41.65|Thermaltake HAMBURG alimentatore per computer 750 W 24-pin ATX ATX Nero|https://static.scaboo.com/images/_ext/1/2/4/124524084.jpg|Connettore scheda madre 24-pin ATX Connettori periferiche (Molex) (4-pin) 4 Lunghezza del cavo di alimentazione della scheda madre 60 cm Numero di connettori SATA 4 Lunghezza del cavo di alimentazione SATA 500,650,800,950 mm Lunghezza del cavo di alimentazione della periferica (Molex) 500,650,800,950 mm Connettori PCI Express (6+2 pin) 2 CPU P4 connector (4-pin) 2 Connettore ATX (24-PIN) S&#236; Connettore PCI Express S&#236; Tipo di cablaggio Non modulare Larghezza 150 mm Profondit&#224; 86 mm Altezza 140 mm Potenza totale 750 W Tensione di ingresso AC 200 - 240 V Potenza di picco 750 W Frequenza di ingresso AC 50/60 Hz Corrente d'ingresso 6 A Tipo di correttore del fattore di potenza (PFC) Attivo Potenza combinata (+3.3V) 100 W Potenza combinata (+12V) 750 W Potenza combinata (+5V) 100 W Potenza combinata (-12V) 3,6 W Potenza combinata (+5Vsb) 15 W Corrente massima di uscita (+3.3V) 18 A Corrente massima di uscita (+12V) 62,5 A Corrente massima di uscita (+5V) 18 A Corrente massima di uscita (-12V) 0,3 A Corrente massima di uscita (+5Vsb) 3 A Tempo di attesa 150 ms Funzionalit&#224; di protezione dell'alimentazione Sovracorrente, Sovraccarico, Surriscaldamento, Cortocircuito, Sotto carico Intervallo temperatura di funzionamento 5 - 40 &#176;C Intervallo di temperatura -40 - 55 &#176;C Range di umidit&#224; di funzionamento 20 - 85% Umidit&#224; 10 - 95% Certificati di conformit&#224; CB, CE, Direttiva sulla bassa tensione (LVD), RCM, UKCA Colore del prodotto Nero Tipo di raffreddamento Attivo Diametro del ventilatore 12 cm Numero di ventole 1 ventola(e) Collocazione ventole Alto Interrutore On/Off S&#236; Utilizzo PC Fattore di forma dell'unit&#224; di alimentazione (PSU) ATX Certificazione 80 PLUS 80 PLUS Versione ATX 3.1 Tempo medio tra guasti (MTBF) 100000 h|13.5|Tutto Informatica||Thermaltake|249983
Informatica|T_0383_2A21-1E0|4711475649705|CA-11E-00MGWN-00|18|68.28|Thermaltake View 380 XL TG ARGB Midi Tower Sabbia|https://static.scaboo.com/images/_ext/1/2/5/125185728.jpg|Quantit&#224; porte USB 2.0 0 Quantit&#224; di porte USB 3.2 Gen 1 (3.1 Gen 1) di tipo A 2 Quantit&#224; di porte USB 3.2 Gen 2 (3.1 Gen 2) di tipo C 1 Quantit&#224; di porte USB 3.2 Gen 2 (3.1 Gen 2) di tipo A 0 Quantit&#224; di porte USB 3.2 Gen 2x2 Tipo C 0 Jack combinato per microfono/auricolare S&#236; Larghezza 288 mm Profondit&#224; 469 mm Altezza 471 mm Dimensioni di hard disk drive supportati 3.5 Dimensione SSD 2.5 Manuale dell'utente S&#236; Ventole laterali installate 3x 120 mm Numero massimo ventole laterali 3 Diametro delle ventole laterali supportato 120 mm Rear fans installed 1x 120 mm Numero massimo ventole posteriori 1 Diametro delle ventole posteriori supportato 120 mm Numero massimo di ventole superiori 3 Diametri delle ventole superiori supportati 120,140 mm Numero massimo ventole inferiori 3 Diametro delle ventole inferiori supportato 120 mm capacit&#224; raffreddamento liquidi S&#236; Dimensioni del radiatore laterale supportate 120,240,360 mm Dimensioni del radiatore posteriore supportate 120 mm Dimensioni del radiatore superiore supportate 120,140,240,280,360 mm Fattore di forma Midi Tower Tipo PC Colore del prodotto Sabbia Fattore di forma scheda madre supportato ATX, micro ATX, Mini-ITX Numero di vani per drive 3.5 1 Numero di vani per drive 5.25 0 Materiali SPCC, Vetro temperato Numero di attacchi da 2.5 2 numero di slot espansivi 8 Finestra laterale S&#236; Adatto per Gaming Illuminazione S&#236; colore d'illuminazione Multi posizione delle illuminazioni Ventole Pannello(i) di vetro temprato S&#236; Gestione dei cavi ottimizzata S&#236; Tasto reset S&#236; Pulsante on/off S&#236; Altezza massima dissipatori CPU 16 cm lunghezza massima scheda grafica 42 cm Lunghezza massima PSU 18 cm Fonte di alimentazione inclusa No Fattori di forma di alimentazione supportati PS2|13.5|Accessori|Cavi E Accessori|Thermaltake|249983
Informatica|T_0383_1118-18A|4711636005258|90AS00I1-M00090|50|2262.89|ASUS ROG NUC RNUC15JNK9X28AA2 Intel Core Ultra 9 32 GB DDR5-SDRAM 2 TB SSD NVIDIA GeForce RTX 5080 Windows 11 Home USFF Mini PC Nero|https://static.scaboo.com/images/_ext/1/2/8/128748122.jpg|Famiglia processore Intel Core Ultra 9 Produttore processore Intel Generazione del processore Intel Core Ultra (Series 2) Numero di core del processore 24 Numero di threads del processore 24 Frequenza del processore turbo massima 5,4 GHz Core delle prestazioni 8 Cores efficienti 16 Frequenza del Processore Turbo Massima Performance-core 5,4 GHz Frequenza del Processore Turbo Massima Efficient-core 4,6 GHz Frequenza di base del core delle prestazioni 2,7 GHz Frequenza base core efficiente 2,1 GHz Cache processore 36 MB Potenza di base del processore 55 W Massima potenza turbo 160 W RAM installata 32 GB RAM massima supportata 96 GB Tipo di RAM DDR5-SDRAM Struttura memoria 2 x 16 GB Velocit&#224; memoria 6400 MHz Schermo incluso No Quantit&#224; porte USB 2.0 0 Quantit&#224; di porte USB 3.2 Gen 1 (3.1 Gen 1) di tipo A 0 Quantit&#224; di porte USB 3.2 Gen 1 (3.1 Gen 1) di tipo C 0 Quantit&#224; di porte USB 3.2 Gen 2 (3.1 Gen 2) di tipo A 6 Quantit&#224; di porte USB 3.2 Gen 2 (3.1 Gen 2) di tipo C 0 Quantit&#224; di porte 3 Thunderbolt 0 Quantit&#224; porte HDMI 2 Quantit&#224; di porte USB 3.2 Gen 2x2 Tipo C 1 Intel&#174; Thunderbolt 4 S&#236; Quantit&#224; di porte Thunderbolt 4 1 Versione HDMI 2.1 Quantit&#224; DisplayPorts 2 versione DisplayPort 2.1 Quantit&#224; porte Ethernet LAN (RJ-45) 1 Uscite per cuffie 1 Jack DC-in S&#236; Larghezza 282,4 mm Profondit&#224; 187,7 mm Altezza 56,5 mm Peso 3,12 kg Collegamento ethernet LAN S&#236; Wi-Fi S&#236; Velocit&#224; trasferimento Ethernet LAN 10,100,1000,2500 Mbit/s Tecnologia di cablaggio 10/100/1000Base-T(X) Wi-Fi standard Wi-Fi 7 (802.11be) Standard Wi-Fi Wi-Fi 7 (802.11be) Bluetooth S&#236; Versione Bluetooth 5.3 Capacit&#224; totale di archiviazione 2 TB Tipo drive ottico No Supporto di memoria SSD Capacit&#224; SSD totale 2 TB Interfaccia Solid State Drive (SSD) PCI Express 4.0 Dimensione SSD M.2 Sistema operativo incluso Windows 11 Home Architettura sistema operativo 64-bit Tipo di case USFF Colore del prodotto Nero Volume 2,5 L Posizionamento supportato Orizzontale/Verticale Blocco cavo S&#236; Tipologia slot blocco cavo Kensington Adattatore di scheda grafica separato S&#236; Scheda grafica integrata S&#236; Scheda grafica dedicata NVIDIA GeForce RTX 5080 Modello scheda grafica integrata Intel Graphics Produttore discreto GPU NVIDIA Memoria Grafica Dedicata 16 GB Tipo di memoria della scheda grafica GDDR7 Numero di schede grafiche dedicate 1 Produttore di GPU integrato Intel Famiglia dell'adattatore della scheda grafica integrata Intel Graphics Tipo di prodotto Mini PC Posizionamento di mercato Gaming Chip audio Realtek ALC3251 Unit&#224; di elaborazione neurale (NPU) Intel AI Boost Supporto di Sparsity S&#236; Supporto degli effetti di Windows Studio S&#236; Framework software AI supportati dalla NPU DirectML, OpenVINO, Windows ML, ONNX RT, WebNN Prestazioni totali del processore fino a 36 TOPs Prestazioni della NPU fino a 13 TOPs Prestazioni della GPU fino a 8 TOPs|13.5|Personal Computer|Tower pc|Asus|249983
Informatica|T_0383_1118-18C|4711636008099|90AS00I1-M000C0|30|1772.45|ASUS ROG NUC RNUC15JNK9X389A2 Intel Core Ultra 9 32 GB DDR5-SDRAM 1 TB SSD NVIDIA GeForce RTX 5070 Ti Windows 11 Home USFF Mini PC Nero|https://static.scaboo.com/images/_ext/1/2/8/128748124.jpg|Famiglia processore Intel Core Ultra 9 Produttore processore Intel Generazione del processore Intel Core Ultra (Series 2) Numero di core del processore 24 Numero di threads del processore 24 Frequenza del processore turbo massima 5,4 GHz Core delle prestazioni 8 Cores efficienti 16 Frequenza del Processore Turbo Massima Performance-core 5,4 GHz Frequenza del Processore Turbo Massima Efficient-core 4,6 GHz Frequenza di base del core delle prestazioni 2,7 GHz Frequenza base core efficiente 2,1 GHz Cache processore 36 MB Potenza di base del processore 55 W Massima potenza turbo 160 W RAM installata 32 GB RAM massima supportata 96 GB Tipo di RAM DDR5-SDRAM Struttura memoria 2 x 16 GB Velocit&#224; memoria 6400 MHz Schermo incluso No Quantit&#224; porte USB 2.0 0 Quantit&#224; di porte USB 3.2 Gen 1 (3.1 Gen 1) di tipo A 0 Quantit&#224; di porte USB 3.2 Gen 1 (3.1 Gen 1) di tipo C 0 Quantit&#224; di porte USB 3.2 Gen 2 (3.1 Gen 2) di tipo A 6 Quantit&#224; di porte USB 3.2 Gen 2 (3.1 Gen 2) di tipo C 0 Quantit&#224; di porte 3 Thunderbolt 0 Quantit&#224; porte HDMI 2 Quantit&#224; di porte USB 3.2 Gen 2x2 Tipo C 1 Intel&#174; Thunderbolt 4 S&#236; Quantit&#224; di porte Thunderbolt 4 1 Versione HDMI 2.1 Quantit&#224; DisplayPorts 2 versione DisplayPort 2.1 Quantit&#224; porte Ethernet LAN (RJ-45) 1 Uscite per cuffie 1 Jack DC-in S&#236; Larghezza 282,4 mm Profondit&#224; 187,7 mm Altezza 56,5 mm Peso 3,12 kg Collegamento ethernet LAN S&#236; Wi-Fi S&#236; Velocit&#224; trasferimento Ethernet LAN 10,100,1000,2500 Mbit/s Tecnologia di cablaggio 10/100/1000Base-T(X) Wi-Fi standard Wi-Fi 7 (802.11be) Standard Wi-Fi Wi-Fi 7 (802.11be) Bluetooth S&#236; Versione Bluetooth 5.3 Capacit&#224; totale di archiviazione 1 TB Tipo drive ottico No Supporto di memoria SSD Capacit&#224; SSD totale 1 TB Numero di SSD installati 1 Capacit&#224; SSD 1 TB Interfaccia Solid State Drive (SSD) PCI Express 4.0 Dimensione SSD M.2 Sistema operativo incluso Windows 11 Home Architettura sistema operativo 64-bit Tipo di case USFF Colore del prodotto Nero Volume 2,5 L Posizionamento supportato Orizzontale/Verticale Blocco cavo S&#236; Tipologia slot blocco cavo Kensington Adattatore di scheda grafica separato S&#236; Scheda grafica integrata S&#236; Scheda grafica dedicata NVIDIA GeForce RTX 5070 Ti Modello scheda grafica integrata Intel Graphics Produttore discreto GPU NVIDIA Memoria Grafica Dedicata 12 GB Tipo di memoria della scheda grafica GDDR7 Numero di schede grafiche dedicate 1 Produttore di GPU integrato Intel Famiglia dell'adattatore della scheda grafica integrata Intel Graphics Tipo di prodotto Mini PC Posizionamento di mercato Gaming Chip audio Realtek ALC3251 Unit&#224; di elaborazione neurale (NPU) Intel AI Boost Supporto di Sparsity S&#236; Supporto degli effetti di Windows Studio S&#236; Framework software AI supportati dalla NPU DirectML, OpenVINO, Windows ML, ONNX RT, WebNN Prestazioni totali del processore fino a 36 TOPs Prestazioni della NPU fino a 13 TOPs Prestazioni della GPU fino a 8 TOPs|13.5|Personal Computer|Tower pc|Asus|249983
Informatica|T_0383_2A50-009|4719072607487|306-7G09M21-W57|11|27.04|MSI MPG GUNGNIR 100 computer case Midi Tower Nero|https://static.scaboo.com/images/_ext/6/5/5/65558633.jpg|Personalizzazione MPG GUNGNIR 100 ha vari design ingegnosi e convenienti, come il design a fori per cavi per una facile gestione dei cavi, e il design compatibile con raffreddamento ad acqua per soddisfare le esigenze di assemblaggio dei giocatori. PERSONALIZZAZIONE 3D-PRINTING Supporta parti stampabili in 3D. Personalizza le tue targhe o loghi per mostrare il tuo stile con effetti RGB. ARGB Fornito con una ventola RGB indirizzabile che supporta MSI Mystic Light per opzioni di personalizzazione illimitate. MYSTIC LIGHT SYNC MSI Mystic Light SYNC realizzato con SDK e aperto a tutte le periferiche. Usando l'APP MSI MYSTIC LIGHT, il case, la scheda madre e queste periferiche possono mostrare effetti di luce sincronizzati. SHINE YOUR COLORS With a built-in ARGB fan and MSI MYSTIC LIGHT APP, it is fully functional and controllable for the gorgeous RGB effects. Pick a representative color from the palette to match your preference and mood! ARGB HUB incluso Incluso è presente un HUB da 1 a 8 LED ARGB per aiutarti ad avere modi più attraenti per decorare la tua piattaforma di gioco aggiungendo le strisce LED Pulsante di controllo effetti LED Continuando a premere il pulsante LED per tre secondi gli utenti possono controllare gli effetti di luce tramite la sincronizzazione con la scheda madre di MSI mystic light app. Effetti 7 LED L'HUB LED da 1 a 8 incluso può essere gestito dalle luci del sistema tramite il pulsante di controllo degli effetti LED e offre sette diverse modalità di effetti luminosi SLEEK MPG GUNGNIR 100 è costruito con un tema specifico e soddisfa le diverse preferenze del giocatore. Inoltre, lo stile semplice e moderno di MSI in nero e grigio, con il pannello laterale in vetro temperato trasparente e il design semplice, rendono la forma del case più eccezionale. Combinato con toni neutri, MPG GUNGNIR 100 è più armonioso nella presentazione di effetti RGB colorati, dimostrando fortemente lo stile personale del giocatore. Inspired by the weapon – Gungnir, which is the spear of Odin, the god of the Nordic mythology, the shape of the spear echoes the triangular sharpness in the front of the GUNGNIR 100. The MPG GUNGNIR 100 adopts a plain industrial design with durability enhancement and DIY optimization. In addition, it is equipped with an ARGB fan for lightning effects, and 3D printing parts for personalization, which cleverly matches with MSI unique gaming elements. ESSENZIALE MPG GUNGNIR 100 ha grande capacità di spazio di archiviazione e design interno ottimizzato per un comodo montaggio. Sono disponibili anche varie opzioni di raffreddamento. Dotato di un pannello laterale in vetro temperato da 4 mm, puoi creare un PC con un assemblaggio perfetto e con il tuo stile personale. CHIARA VISTA INTERNA Il tono grigio chiaro del pannello laterale in vetro temperato da 4 mm è ideale per la visualizzazione di effetti di illuminazione RGB e fornisce una chiara struttura interna dei componenti. OPIMIZE AIR FLOW Room for up to Seven system cooling fans, or a 360mm radiator in the top, and 420mm radiator in the front. Provide the whole system with ventilation for better stability Quantit&#224; di porte USB 3.2 Gen 1 (3.1 Gen 1) di tipo A 2 Ingresso audio S&#236; Uscita audio S&#236; Larghezza 227 mm Profondit&#224; 510 mm Altezza 525 mm Peso 9,3 kg Dimensioni di hard disk drive supportati 2.5,3.5 Numero di hard drive supportati 2 Ventole anteriori installate 3x 120 mm Numero massimo di ventole frontali 3 Diametro delle ventole frontali supportato 120,140 mm Rear fans installed 1x 120 mm Numero massimo ventole posteriori 1 Diametro delle ventole posteriori supportato 120,140 mm Numero massimo di ventole superiori 3 Diametri delle ventole superiori supportati 120 mm capacit&#224; raffreddamento liquidi S&#236; Dimensioni della ventola del radiatore anteriore supportate 420 mm Dimensioni della ventola del radiatore superiore supportate 360 mm supporto Blackplanes S&#236; Fattore di forma Midi Tower Tipo PC Colore del prodotto Nero Fattore di forma scheda madre supportato ATX, EATX, micro ATX, Mini-ATX Numero di vani per drive 3.5 2 Finestra laterale S&#236; Numero di attacchi da 2.5 4 Numero di vani per drive interni 3.5 2 numero di slot espansivi 7 Adatto per Giocare Illuminazione S&#236; colore d'illuminazione Multi posizione delle illuminazioni Ventole Pannello(i) di vetro temprato S&#236; Tasto reset S&#236; Pulsante on/off S&#236; Indicatori LED S&#236; Altezza massima dissipatori CPU 17 cm lunghezza massima scheda grafica 40 cm Lunghezza massima PSU 20 cm Fonte di alimentazione inclusa No|13.5|Accessori|Cavi E Accessori|Msi|249983
Informatica|T_0383_2B12-009|4719331551612|GP-P450B|14|24.87|Gigabyte P450B alimentatore per computer 450 W 20+4 pin ATX ATX Nero|https://static.scaboo.com/images/_ext/8/0/2/80295908.jpg|Connettore scheda madre 20+4 pin ATX Connettori periferiche (Molex) (4-pin) 3 Lunghezza del cavo di alimentazione della scheda madre 55 cm Numero di connettori SATA 6 Lunghezza del cavo di alimentazione SATA 500 mm Lunghezza del cavo di alimentazione della periferica (Molex) 500 mm Connettori PCI Express (6+2 pin) 2 Lunghezza del cavo di alimentazione PCI Express 55 cm Connettore di potenza CPU (4+4-Pin) S&#236; Lunghezza del cavo di alimentazione CPU 60 cm Connettore ATX (20+4-PIN) S&#236; Connettore di potenza del floppy drive 1 Connettore floppy disc S&#236; Connettore PCI Express S&#236; Larghezza 150 mm Profondit&#224; 140 mm Altezza 86 mm Potenza totale 450 W Tensione di ingresso AC 100 - 240 V Frequenza di ingresso AC 50/60 Hz Corrente d'ingresso 8 - 4 A Fattore di potenza 0,9 Tipo di correttore del fattore di potenza (PFC) Attivo Potenza combinata (+3.3V) 103 W Potenza combinata (+12V) 432 W Potenza combinata (+5V) 103 W Potenza combinata (-12V) 3,6 W Potenza combinata (+5Vsb) 15 W Corrente massima di uscita (+3.3V) 18 A Corrente massima di uscita (+12V) 36 A Corrente massima di uscita (+5V) 15 A Corrente massima di uscita (-12V) 0,3 A Corrente massima di uscita (+5Vsb) 3 A Tempo di attesa 16 ms Efficienza 85% Funzionalit&#224; di protezione dell'alimentazione Sovracorrente, Sovralimentazione, Sovraccarico, Surriscaldamento, Cortocircuito, Sotto carico Colore del prodotto Nero Tipo di raffreddamento Attivo Diametro del ventilatore 12 cm Numero di ventole 1 ventola(e) Collocazione ventole Alto Interrutore On/Off S&#236; Utilizzo PC Fattore di forma dell'unit&#224; di alimentazione (PSU) ATX Certificazione 80 PLUS 80 PLUS Bronze Versione ATX 2.31 Tecnologia dei cuscinetti HDB Tempo medio tra guasti (MTBF) 100000 h|13.5|Tutto Informatica||Gigabyte|249983
Informatica|T_0383_2F06-003|4719331555191|GP-ECFAN1203|11|27.14|GIGABYTE AORUS EZ CHAIN FAN 120 (3-Pack) Scheda madre Ventilatore 12 cm Nero 3 pz|https://static.scaboo.com/images/_ext/1/2/8/128807643.jpg|Durata della garanzia 2 anno/i Larghezza 120 mm Profondit&#224; 120 mm Altezza 25 mm Colore del prodotto Nero Numero di ventole 3 ventola(e) Numero di pale del ventilatore 9 Illuminazione a LED S&#236; colore d'illuminazione Multi Ambiente di utilizzo Scheda madre Tipo Ventilatore Diametro del ventilatore 12 cm Socket Processori supportati Non supportato flusso d'aria massimo 60 pdc/min pressione dell'aria massima 2,75 mmH2O Tipo di cuscinetto HDB (Hydro Dynamic Bearing) Livello di rumore della ventola (min) 8,2 dB Livello di rumore della ventola (max) 29 dB Quantit&#224; per pacco 3 pz Velocit&#224; del ventilatore (min) 600 Giri/min Velocit&#224; del ventilatore (max) 2000 Giri/min Tempo medio fra guasti (MTTF) del ventilatore 40000 h|13.5|Tutto Informatica||Gigabyte|249983
Informatica|T_0383_2305-8QC|4719331866457|B850GAMINGXWIFI6E|13|134.15|GIGABYTE B850 GAMING X WIFI6E Scheda Madre - CPU AMD Ryzen Serie 9000, VRM digitale 12+2+2 fasi, fino a 8200MHz DDR5 (OC), 1xPCIe 5.0 + 2xPCIe 4.0 M.2, LAN 2.5G, WIFI 6E, USB 3.2 Gen 2x2|https://static.scaboo.com/images/_ext/1/2/4/124830473.jpg|Eleva la tua esperienza informatica con la rinomata serie di schede madri di GIGABYTE: AORUS, AERO e GIGABYTE. Con design innovativi e caratteristiche avanzate, queste schede offrono prestazioni e affidabilità eccezionali. Che tu sia un videogiocatore, un creatore di contenuti o un professionista, le nostre serie si adattano alle tue esigenze, garantendo una qualità senza compromessi e all'avanguardia. Durata della garanzia 3 anno/i Produttore processore AMD Presa per processore Socket AM5 Processori compatibili AMD Ryzen 7000 Series, AMD Ryzen 8000 Series, AMD Ryzen 9000 Series Socket Processori supportati Socket AM5 Tipi di memoria supportati DDR5-SDRAM Numero di slot di memoria 4 RAM massima supportata 256 GB tipo di slot di memoria DIMM Canali di memoria Dual-channel Compatibilit&#224; ECC Non-ECC Velocit&#224; di memoria supportate 4400,4800,5200,5600,5800,6000,6200,6400,6600,6800,7000,7200,7400,7600,7800,7900,7950,8000,8200 MHz Velocit&#224; di clock della memoria supportata (max) 8200 MHz Senza buffer S&#236; Memoria interna massima per slot 64 GB Larghezza 305 mm Profondit&#224; 244 mm Altezza 35 mm Wi-Fi S&#236; Collegamento ethernet LAN S&#236; Tipo di interfaccia Ethernet 2.5 Gigabit Ethernet Wi-Fi standard Wi-Fi 6E (802.11ax) Standard Wi-Fi 802.11a, 802.11b, 802.11g, Wi-Fi 4 (802.11n), Wi-Fi 5 (802.11ac), Wi-Fi 6 (802.11ax), Wi-Fi 6E (802.11ax) Modello di dispositivo di controllo WLAN Realtek RTL8111H Bluetooth S&#236; Versione Bluetooth 5.3 Connettori USB 2.0 2 Connettori USB 3.2 Gen 1 (3.1 Gen 1) 1 Connettori USB 3.2 Gen 2 (3.1 Gen 2) 0 Numero di connettori SATA III 4 Connettori USB 3.2 Gen 2x2 1 Connettore pannello audio frontale S&#236; Connettore del pannello anteriore S&#236; Connettore ATX (24-PIN) S&#236; Connettore ventola CPU S&#236; Numero di connettori della ventola della CPU 2 Connettori periferiche (Molex) (4-pin) 1 Connettore di potenza EPS (8-Pin) S&#236; Numero di connettori di alimentazione EPS (8 pin) 1 Connettore TPM S&#236; Intestazioni della porta seriale 1 Connettore con potenza 12V S&#236; Numero di connettori per la pompa dell'acqua 2 Connettore LED RGB S&#236; Numero di pin header per LED RGB 4 Quantit&#224; porte USB 2.0 3 Quantit&#224; di porte USB 3.2 Gen 1 (3.1 Gen 1) di tipo A 3 Quantit&#224; di porte USB 3.2 Gen 1 (3.1 Gen 1) di tipo C 0 Quantit&#224; di porte USB 3.2 Gen 2 (3.1 Gen 2) di tipo A 1 Quantit&#224; di porte USB 3.2 Gen 2 (3.1 Gen 2) di tipo C 1 Quantit&#224; porte Ethernet LAN (RJ-45) 1 Quantit&#224; porte VGA (D-Sub) 0 Quantit&#224; porte HDMI 1 Quantit&#224; porte DVI-D 0 Versione HDMI 2.1 Quantit&#224; DisplayPorts 1 versione DisplayPort 2.1 Uscite per cuffie 1 Microfono, spinotto d'ingresso S&#236; Spinotto antenna WiFi-AP 2 Interfacce dell'unit&#224; di archiviazione supportate M.2, SATA III Tipi di unit&#224; di archiviazione supportate HDD & SSD Numero di hard drive supportati 4 numero di dispositivi di archivio supportati 7 Supporto RAID S&#236; Livelli RAID 0, 1, 10 Larghezza imballo 335 mm Profondit&#224; imballo 270 mm Altezza imballo 80 mm Peso dell'imballo 2,38 kg Batterie incluse S&#236; Antenna inclusa S&#236; Viti incluse S&#236; Software forniti Norton Internet Security (OEM version)LAN bandwidth management software Slot PCI Express x16 (Gen 5.x) 1 Numero di slot di M.2 (M) 3 Dimensione massima del primo connettore Key M.2 25110 Generazione massima PCI Express del primo M.2 5.0 Dimensione massima del secondo connettore Key M.2 22110 Generazione massima PCI Express del secondo M.2 4.0 Dimensione massima del terzo connettore Key M.2 22110 Generazione massima PCI Express del terzo M.2 4.0 Tipo BIOS UEFI AMI Dimensione memoria BIOS 256 Mbit Versione ACPI 5.0 Jumper di azzeramento CMOS S&#236; Tasto di azzeramento CMOS S&#236; Versione dell'interfaccia di gestione del desktop (DMI) 2.7 Versione System management BIOS (SMBIOS) 2.7 Peso della batteria 3 g Peso del litio per batteria 0,07 g Numero di celle della batteria 1 Tecnologia batteria Lithium-Manganese Dioxide (LiMnO2) Tipo batteria CR2032 Peso 2,1 kg Tecnologia di processo parallela Non supportato Risoluzione massima 4096 x 2160 Pixel HDCP S&#236; Versione DirectX 12.0 Componente per PC Fattore di forma scheda madre ATX Famiglia di chipset per scheda madre AMD Chipset scheda madre AMD B850 Sistema audio 7.1 canali Chip audio Realtek ALC897 Colore del prodotto Marrone Monitoraggio dello stato di salute del PC Ventilatore, Temperatura, Tension, Water cooling Tipologia alimentazione ATX Sistema operativo Windows supportato Windows 10 x64, Windows 11 x64 Paese di origine Cina Quantit&#224; di cartone da spedizione 1 pz|13.5|Componenti pc|Schede Madri|Gigabyte|249983
Informatica|T_0383_2212-18G|4895213704168|ACFRE00125A|44|22.69|ARCTIC Freezer 36 A-RGB (Bianco) Dissipatore CPU a torre multicompatibile con A-RGB|https://static.scaboo.com/images/_ext/1/1/8/118603180.jpg|Come specialisti in raffreddamento, abbiamo soluzioni di raffreddamento per ogni esigenza. Offriamo una gamma completa di dissipatori per CPU, ventole, nonché interfacce termiche e accessori- con un eccellente rapporto qualità-prezzo. I nostri prodotti definiscono continuamente nuovi standard nelle prestazioni e nella minimizzazione del rumore. Raffreddato con precisione Dissipatori per CPU in una vasta gamma, dal raffreddamento a quello ad aria e passivo, compatibili con tutti i socket. La configurazione giusta per tutti Straordinarie prestazioni di raffreddamento grazie al raffreddamento a liquido. La gamma Liquid Freezer offre prestazioni impressionanti a prezzi moderati. Tranquillo senza compromessi Petente ventole per case per ogni esigenza. Basso livello di rumore e alto flusso d'aria. Riconoscimenti multipli Paste termiche e pads termici facili da usare con un'eccellente conduttività termica. Complementari ideali Gli accessori giusti per la nostra gamma di prodotti - ponti SLI, cavi PST, hub per ventole per case e altri. Certificati di sostenibilit&#224; CE, REACH, RoHS, UKCA Certificati di conformit&#224; CE, REACH, RoHS, UKCA Conformit&#224; alla sostenibilit&#224; S&#236; Larghezza 126 mm Profondit&#224; 104 mm Altezza 159 mm Peso 917 g Lunghezza cavo 0,28 m Larghezza imballo 186 mm Profondit&#224; imballo 190 mm Altezza imballo 117 mm Peso dell'imballo 1,26 kg Tensione stimata 12 V Corrente limitata 0,11 A Tipo di imballo Scatola Colore del prodotto Bianco Materiale delle alette Alluminio Numero dei condotti termici 4 Illuminazione a LED S&#236; Numero di LED 12 colore d'illuminazione Multi Tipo di connettore LED 3-pin Connettore ventilatore 4-pin + 4-pin Ambiente di utilizzo Processore Tipo Raffreddatore d'aria Diametro del ventilatore 12 cm Socket Processori supportati Intel LGA1851, LGA 1700, Socket AM4, Presa di corrente AM5 Velocit&#224; (minima) di rotazione 200 Giri/min Velocit&#224; (massima) di rotazione 2000 Giri/min Supporto per modulazione di larghezza di impulso (PWM) S&#236; Tipo di cuscinetto Cuscinetto fluido dinamico (FDB) Quantit&#224; per pacco 1 pz Intervallo temperatura di funzionamento 0 - 40 &#176;C|13.5|Componenti pc|Dissipatori|Arctic|249983
Informatica|T_0383_2203-12N|5056547204116|RL-KN24E-B2|44|118.9|NZXT Kraken Elite 240 Processore Raffreddatore di liquidi tutto in uno 12 cm Nero 1 pz|https://static.scaboo.com/images/_ext/1/2/1/121686367.jpg|Larghezza radiatore 28,1 cm Profondit&#224; radiatore 2,7 cm Altezza radiatore 12 cm Lunghezza tubo 40 cm Ampiezza dell'idroblocco 9,35 cm Profondit&#224; dell'idroblocco 9,35 cm Altezza dell'idroblocco 6,5 cm Dimensione della ventola (L x P x A) 120 x 25 x 120 mm Lunghezza cavo 0,6 m Consumo energetico della ventola 2,16 W Voltaggio della pompa 12 V Corrente della pompa 300 mA Voltaggio del ventilatore 12 V Corrente ventilatore 0,18 A Materiale tubo Gomma Display incorporato S&#236; Colore del prodotto Nero Materiali Alluminio, Plastica Materiali radiatore Alluminio Numero di ventole 2 ventola(e) Numero di pale del ventilatore 7 Connettore ventilatore 4 piedini Materiale waterblock Rame/plastica Tipo di display LCD Dimensioni schermo 69 x 69 mm Ambiente di utilizzo Processore Tipo Raffreddatore di liquidi tutto in uno Diametro del ventilatore 12 cm Socket Processori supportati Intel LGA1851, LGA 1150 (Socket H3), LGA 1151 (Socket H4), LGA 1155 (Socket H2), LGA 1156 (Socket H), LGA 1200 (Socket H5), LGA 1700, Socket AM4, Presa di corrente AM5 Processori compatibili AMD Ryzen\u2122 3, AMD Ryzen\u2122 5, AMD Ryzen\u2122 7, Intel&#174; Celeron&#174;, Intel&#174; Core\u2122 i3, Intel&#174; Core\u2122 i5, Intel&#174; Core\u2122 i7, Intel&#174; Core\u2122 i9, Intel\u0 flusso d'aria massimo 73,47 pdc/min pressione dell'aria massima 4,5 mmH2O Supporto per modulazione di larghezza di impulso (PWM) S&#236; Livello di rumore della ventola (max) 30 dB Tecnologia dei cuscinetti della ventola Cuscinetto fluido dinamico (FDB) Quantit&#224; per pacco 1 pz Velocit&#224; del motore della pompa (min) 1200 Giri/min Velocit&#224; del motore della pompa (max) 2800 Giri/min Velocit&#224; del ventilatore (min) 500 Giri/min Velocit&#224; del ventilatore (max) 2000 Giri/min Tempo medio fra guasti (MTTF) del ventilatore 60000 h|13.5|Componenti pc|Dissipatori|Nzxt|249983
Informatica|T_0383_2B20-01T|5056547204796|PA-8G2BB-EU|30|85.66|NZXT C850 Gold alimentatore per computer 850 W 24-pin ATX ATX Nero|https://static.scaboo.com/images/_ext/1/2/1/121526547.jpg|Durata della garanzia 10 anno/i Certificati di conformit&#224; BIS, BSMI, CCC, Federal Communications Commission (FCC), RCM, UKCA Connettore scheda madre 24-pin ATX Connettori periferiche (Molex) (4-pin) 4 Lunghezza del cavo di alimentazione della scheda madre 60 cm Numero di connettori SATA 12 Lunghezza del cavo di alimentazione SATA 150,500 mm Lunghezza del cavo di alimentazione della periferica (Molex) 150,500 mm Connettori PCI Express (6+2 pin) 2 Connettore di potenza CPU (4+4-Pin) S&#236; Connettore ATX (24-PIN) S&#236; Tipo di cablaggio Totalmente Modulare Larghezza 150 mm Profondit&#224; 160 mm Altezza 86 mm Potenza totale 850 W Tensione di ingresso AC 100 - 240 V Corrente d'ingresso 10 - 5 A Tipo di correttore del fattore di potenza (PFC) Attivo Potenza combinata (+3.3V) 120 W Potenza combinata (+12V) 850 W Potenza combinata (+5V) 15 W Potenza combinata (+5Vsb) 15 W Corrente massima di uscita (+3.3V) 22 A Corrente massima di uscita (+12V) 70,83 A Efficienza 91,7% Funzionalit&#224; di protezione dell'alimentazione Sovracorrente, Sovralimentazione, Sovraccarico, Surriscaldamento, Cortocircuito, Sotto carico Intervallo temperatura di funzionamento 0 - 50 &#176;C Colore del prodotto Nero Tipo di raffreddamento Attivo Diametro del ventilatore 13,5 cm Numero di ventole 1 ventola(e) Velocit&#224; ventole 0 - 2300 Giri/min Collocazione ventole Alto Interrutore On/Off S&#236; Utilizzo PC Fattore di forma dell'unit&#224; di alimentazione (PSU) ATX Certificazione 80 PLUS 80 PLUS Gold Versione ATX 3.1 EPS version 2.92 Emissione acustica 44,5 dB Tecnologia dei cuscinetti FDB Tempo medio tra guasti (MTBF) 100000 h|13.5|Tutto Informatica||Nzxt|249983
Informatica|T_0383_2A42-01T|5056547205526|CM-H72FB-R1|50|75.5|NZXT H7 Flow RGB Midi Tower Nero|https://static.scaboo.com/images/_ext/1/1/8/118560204.jpg|Durata della garanzia 2 anno/i Quantit&#224; di porte USB 3.2 Gen 1 (3.1 Gen 1) di tipo A 2 Quantit&#224; di porte USB 3.2 Gen 2 (3.1 Gen 2) di tipo C 1 Uscita audio S&#236; Larghezza 244 mm Profondit&#224; 468 mm Altezza 544 mm Peso 11,1 kg Dimensioni di hard disk drive supportati 2.5,3.5 Controllo della velocit&#224; della ventola No Ventole anteriori installate 3x 120 mm Numero massimo di ventole frontali 3 Diametro delle ventole frontali supportato 120,140 mm Numero massimo ventole posteriori 1 Diametro delle ventole posteriori supportato 120,140 mm Numero massimo di ventole superiori 3 Diametri delle ventole superiori supportati 120,140 mm Velocit&#224; ventole 1200 - 1500 Giri/min flusso d'aria massimo 50,1 pdc/min Flusso d'aria massimo della ventola 2 50,1 pdc/min pressione dell'aria massima 1,27 mmH2O Pressione massima dell'aria della ventola 2 1,27 mmH2O Dimensioni del radiatore anteriore supportate 360,420 mm Dimensioni del radiatore posteriore supportate 140 mm Dimensioni del radiatore superiore supportate 360 mm Fattore di forma Midi Tower Tipo PC Colore del prodotto Nero Fattore di forma scheda madre supportato ATX, EATX, micro ATX, Mini-ITX Numero di vani per drive 3.5 2 Materiali SGCC, Vetro temperato Numero di attacchi da 2.5 4 Finestra laterale S&#236; Illuminazione S&#236; Pannello(i) di vetro temprato S&#236; Gestione dei cavi ottimizzata S&#236; Tasto reset No Pulsante on/off S&#236; Altezza massima dissipatori CPU 18,5 cm lunghezza massima scheda grafica 41 cm Lunghezza massima PSU 20 cm Fonte di alimentazione inclusa No|13.5|Accessori|Cavi E Accessori|Nzxt|249983
Informatica|T_0383_2A42-01U|5056547205533|CM-H72FW-R1|50|68.22|NZXT H7 Flow RGB Midi Tower Bianco|https://static.scaboo.com/images/_ext/1/1/8/118560205.jpg|Durata della garanzia 2 anno/i Quantit&#224; di porte USB 3.2 Gen 1 (3.1 Gen 1) di tipo A 2 Quantit&#224; di porte USB 3.2 Gen 2 (3.1 Gen 2) di tipo C 1 Uscita audio S&#236; Larghezza 244 mm Profondit&#224; 468 mm Altezza 544 mm Peso 11,1 kg Dimensioni di hard disk drive supportati 2.5,3.5 Controllo della velocit&#224; della ventola No Ventole anteriori installate 3x 120 mm Numero massimo di ventole frontali 3 Diametro delle ventole frontali supportato 120,140 mm Numero massimo ventole posteriori 1 Diametro delle ventole posteriori supportato 120,140 mm Numero massimo di ventole superiori 3 Diametri delle ventole superiori supportati 120,140 mm Velocit&#224; ventole 1200 - 1500 Giri/min flusso d'aria massimo 50,1 pdc/min Flusso d'aria massimo della ventola 2 50,1 pdc/min pressione dell'aria massima 1,27 mmH2O Pressione massima dell'aria della ventola 2 1,27 mmH2O Dimensioni del radiatore anteriore supportate 360,420 mm Dimensioni del radiatore posteriore supportate 140 mm Dimensioni del radiatore superiore supportate 360 mm Fattore di forma Midi Tower Tipo PC Colore del prodotto Bianco Fattore di forma scheda madre supportato ATX, EATX, micro ATX, Mini-ITX Numero di vani per drive 3.5 2 Materiali SGCC, Vetro temperato Numero di attacchi da 2.5 4 Finestra laterale S&#236; Illuminazione S&#236; Pannello(i) di vetro temprato S&#236; Gestione dei cavi ottimizzata S&#236; Tasto reset No Pulsante on/off S&#236; Altezza massima dissipatori CPU 18,5 cm lunghezza massima scheda grafica 41 cm Lunghezza massima PSU 20 cm Fonte di alimentazione inclusa No|13.5|Accessori|Cavi E Accessori|Nzxt|249983
Informatica|T_0383_2A42-01X|5056547205854|CC-H52FB-01|40|50.77|NZXT H510 Flow Midi Tower Nero|https://static.scaboo.com/images/_ext/1/2/1/121121008.jpg|Quantit&#224; di porte USB 3.2 Gen 1 (3.1 Gen 1) di tipo A 1 Quantit&#224; di porte USB 3.2 Gen 2 (3.1 Gen 2) di tipo C 1 Ingresso audio S&#236; Uscita audio S&#236; Larghezza 210 mm Profondit&#224; 428 mm Altezza 460 mm Peso 6,6 kg Dimensioni di hard disk drive supportati 2.5,3.5 Ventole anteriori installate 1x 120 mm Numero massimo di ventole frontali 2 Diametro delle ventole frontali supportato 120,140 mm Rear fans installed 1x 120 mm Numero massimo ventole posteriori 1 Diametro delle ventole posteriori supportato 120 mm Numero massimo di ventole superiori 1 Diametri delle ventole superiori supportati 120,140 mm Velocit&#224; ventole 1200 - 1200 Giri/min Dimensioni del radiatore anteriore supportate 280 mm Dimensioni del radiatore posteriore supportate 120 mm Fattore di forma Midi Tower Tipo PC Colore del prodotto Nero Fattore di forma scheda madre supportato ATX, micro ATX, Mini-ITX Numero di vani per drive 3.5 3 Materiali Acciaio, Vetro temperato Numero di attacchi da 2.5 3 numero di slot espansivi 7 Finestra laterale S&#236; Pannello(i) di vetro temprato S&#236; Gestione dei cavi ottimizzata S&#236; Tasto reset S&#236; Pulsante on/off S&#236; Altezza massima dissipatori CPU 16,5 cm lunghezza massima scheda grafica 36 cm Fonte di alimentazione inclusa No|13.5|Accessori|Cavi E Accessori|Nzxt|249983
Informatica|T_0383_2A42-01Z|5056547205861|CC-H52FW-R1|33|58.88|NZXT H5 Flow RGB Midi Tower Bianco|https://static.scaboo.com/images/_ext/1/2/1/121121009.jpg|Quantit&#224; di porte USB 3.2 Gen 1 (3.1 Gen 1) di tipo A 1 Quantit&#224; di porte USB 3.2 Gen 2x2 Tipo C 1 Ingresso audio S&#236; Uscita audio S&#236; Larghezza 225 mm Profondit&#224; 430 mm Altezza 465 mm Peso 7,63 kg Dimensioni di hard disk drive supportati 2.5,3.5 Manuale dell'utente S&#236; Ventole anteriori installate 3x 120 mm Numero massimo di ventole frontali 3 Diametro delle ventole frontali supportato 120,140 mm Numero massimo ventole laterali 2 Diametro delle ventole laterali supportato 120,140 mm Numero massimo ventole inferiori 2 Diametro delle ventole inferiori supportato 120 mm flusso d'aria massimo 50,1 pdc/min Flusso d'aria massimo della ventola 2 60,2 pdc/min pressione dell'aria massima 1,27 mmH2O Pressione massima dell'aria della ventola 2 1,05 mmH2O capacit&#224; raffreddamento liquidi S&#236; Dimensioni del radiatore anteriore supportate 360 mm Dimensioni del radiatore superiore supportate 240 mm Fattore di forma Midi Tower Tipo PC Colore del prodotto Bianco Fattore di forma scheda madre supportato ATX, EATX, micro ATX, Micro-ITX Numero di vani per drive 3.5 1 Materiali SGCC, Vetro temperato Numero di attacchi da 2.5 2 numero di slot espansivi 7 Finestra laterale S&#236; Adatto per Gaming Illuminazione S&#236; colore d'illuminazione Multi posizione delle illuminazioni Ventole Pannello(i) di vetro temprato S&#236; Pulsante on/off S&#236; Altezza massima dissipatori CPU 17,5 cm lunghezza massima scheda grafica 41 cm Lunghezza massima PSU 20 cm Fonte di alimentazione inclusa No|13.5|Accessori|Cavi E Accessori|Nzxt|249983
Informatica|T_0383_2B20-01S|5056547206349|PA-0G2BW-EU|15|120.22|NZXT C1000 Gold alimentatore per computer 1000 W 24-pin ATX ATX Bianco|https://static.scaboo.com/images/_ext/1/2/1/121524938.jpg|Durata della garanzia 10 anno/i Certificati di conformit&#224; BSMI, CCC, CE, EAC, UKCA Connettore scheda madre 24-pin ATX Connettori periferiche (Molex) (4-pin) 4 Numero di connettori SATA 12 Connettore di potenza CPU (4+4-Pin) S&#236; Connettore ATX (24-PIN) S&#236; Tipo di cablaggio Totalmente Modulare Larghezza 150 mm Profondit&#224; 160 mm Altezza 86 mm Potenza totale 1000 W Tensione di ingresso AC 100 - 240 V Frequenza di ingresso AC 50/60 Hz Corrente d'ingresso 13 - 6.5 A Potenza combinata (+3.3V) 120 W Potenza combinata (+12V) 1000 W Potenza combinata (+5V) 120 W Potenza combinata (+5Vsb) 15 W Corrente massima di uscita (+3.3V) 22 A Corrente massima di uscita (+12V) 83,3 A Corrente massima di uscita (+5V) 22 A Corrente massima di uscita (+5Vsb) 3 A Efficienza 91,9% Intervallo temperatura di funzionamento 0 - 50 &#176;C Colore del prodotto Bianco Tipo di raffreddamento Attivo Diametro del ventilatore 13,5 cm Numero di ventole 1 ventola(e) Velocit&#224; ventole 0 - 2300 Giri/min Interrutore On/Off S&#236; Utilizzo PC Fattore di forma dell'unit&#224; di alimentazione (PSU) ATX Certificazione 80 PLUS 80 PLUS Gold Versione ATX 3.1 EPS version 2.92 Emissione acustica 44,5 dB Tecnologia dei cuscinetti FDB Tempo medio tra guasti (MTBF) 100000 h Certificazione CB/ (IEC 950/62368-1) / CCC / CEC /BSMI / RCM / EAC / CE / LVD / UKCA|13.5|Tutto Informatica||Nzxt|249983
Informatica|T_0383_2B20-01U|5056547206417|PA-8G2BW-EU|15|104.53|NZXT C850 Gold alimentatore per computer 850 W 24-pin ATX ATX Bianco|https://static.scaboo.com/images/_ext/1/2/1/121524929.jpg|Durata della garanzia 10 anno/i Certificati di conformit&#224; BIS, BSMI, CCC, CE, Federal Communications Commission (FCC), KC, RCM, UKCA, cTUVus Connettore scheda madre 24-pin ATX Connettori periferiche (Molex) (4-pin) 4 Lunghezza del cavo di alimentazione della scheda madre 60 cm Numero di connettori SATA 12 Lunghezza del cavo di alimentazione SATA 150,500 mm Lunghezza del cavo di alimentazione della periferica (Molex) 150,500 mm Connettori PCI Express (6+2 pin) 3 Connettori di alimentazione PCI Express (12+4 pin) 1 Connettore di potenza CPU (4+4-Pin) S&#236; Lunghezza del cavo di alimentazione CPU 70 cm Connettore ATX (24-PIN) S&#236; Tipo di cablaggio Totalmente Modulare Larghezza 150 mm Profondit&#224; 160 mm Altezza 86 mm Potenza totale 850 W Tensione di ingresso AC 100 - 240 V Frequenza di ingresso AC 50/60 Hz Corrente d'ingresso 10 - 5 A Tipo di correttore del fattore di potenza (PFC) Attivo Potenza combinata (+3.3V) 120 W Potenza combinata (+12V) 850 W Potenza combinata (+5V) 15 W Potenza combinata (+5Vsb) 15 W Corrente massima di uscita (+3.3V) 22 A Corrente massima di uscita (+12V) 70,83 A Corrente massima di uscita (+5Vsb) 3 A Efficienza 91,7% Funzionalit&#224; di protezione dell'alimentazione Sovracorrente, Sovralimentazione, Sovraccarico, Surriscaldamento, Cortocircuito, Sotto carico Intervallo temperatura di funzionamento 0 - 50 &#176;C Colore del prodotto Bianco Tipo di raffreddamento Attivo Diametro del ventilatore 13,5 cm Numero di ventole 1 ventola(e) Velocit&#224; ventole 0 - 2300 Giri/min Collocazione ventole Alto Interrutore On/Off S&#236; Utilizzo PC Fattore di forma dell'unit&#224; di alimentazione (PSU) ATX Certificazione 80 PLUS 80 PLUS Gold Versione ATX 3.1 EPS version 2.92 Emissione acustica 44,5 dB Tecnologia dei cuscinetti FDB Tempo medio tra guasti (MTBF) 100000 h|13.5|Tutto Informatica||Nzxt|249983
Informatica|T_0383_1T69-00E|5060520954028|P048-49-Q|13|28.15|Pipetto Origami No3 Pencil 27,7 cm (10.9) Custodia a libro Nero|https://static.scaboo.com/images/_ext/1/0/7/107923170.jpg|Quantit&#224; per pacco 1 pz Batteria inclusa No Capienza massima dimensioni dello schermo 27,7 cm (10.9) Tipologia custodia Custodia a libro Materiali Policarbonato (PC), Poliuretano, Poliuretano termoplastico (TPU) Colore principale del prodotto Nero Compatibilit&#224; marca Apple Altoparlanti incorporati No Modalit&#224; supporto S&#236; Compatibilit&#224; iPad Air 4 / 10.9 (2020) A2324, A2325, A2072, A2316 Numero di modalit&#224; supporto 5 Tipo di chiusura Chiusura magnetica Tastiera integrata No Funzioni di protezione Antibatterico, Drop resistance, Antipolvere, Scratch resistant, Resistente agli urti Genere Unisex Funzione sveglia/sonno automatica S&#236;|13.5|Accessori|Cavi E Accessori|Pipetto|249983
Informatica|T_0383_1T69-00L|5060520954875|P066-117-V|18|21.56|Pipetto P066-117-V custodia per tablet 27,7 cm (10.9) Cover Blu|https://static.scaboo.com/images/_ext/1/1/6/116313826.jpg|Quantit&#224; per pacco 1 pz Batteria inclusa No Capienza massima dimensioni dello schermo 27,7 cm (10.9) Tipologia custodia Cover Colore principale del prodotto Blu Compatibilit&#224; marca Apple Altoparlanti incorporati No Modalit&#224; supporto S&#236; Compatibilit&#224; iPad 10th Gen (2022) A2696, A2757, A2777 Tipo di chiusura Non applicabile Tasca per biglietto da visita No Lettore di schede intelligente No Funzioni di protezione Antibatterico, Drop resistance, Antipolvere, Scratch resistant, Resistente agli urti a prova di shock fino a 1,2 m Genere Unisex|13.5|Accessori|Cavi E Accessori|Pipetto|249983
Informatica|T_0383_4P01-008|5099206066823|920-008221|50|44|Logitech MK850 RF Wireless + Bluetooth QWERTZ Tedesco Nero|https://static.scaboo.com/images/_ext/3/5/7/35756477.jpg|Sistema operativo Windows supportato Windows 10 Education,Windows 10 Education x64,Windows 10 Enterprise,Windows 10 Enterprise x64,Windows 10 Home,Windows 10 Home x64,Windows 10 Pro,Windows 10 Pro x64,Windows 7 Enterprise,Windows 7 Enter Compatibilit&#224; Mac S&#236; Compatibilit&#224; sistema operativo Mac Mac OS X 10.10 Yosemite,Mac OS X 10.11 El Capitan,Mac OS X 10.12 Sierra Sistema operativo mobile supportato Android 5.0,Android 5.1,iOS 5.0,iOS 6.0,iOS 6.1,iOS 7.0,iOS 7.1,iOS 7.2,iOS 8.0,iOS 8.1,iOS 8.2,iOS 8.3,iOS 8.4,iOS 9.0,iOS 9.1,iOS 9.2,iOS 9.3 Dimensioni tastiera (WxDxH) 430 x 210 x 25 mm Peso della tastiera 733 g Dimensioni mouse (LxPxA) 74 x 115 x 45 mm Peso mouse 135 g Tipologia alimentazione Batteria tipo di batteria tastiera AAA numero di batterie (tastiera) 2 Vita della batteria 36 mese(i) tipo di batteria mouse AA Numero di batterie (mouse) 1 Interfaccia dispositivo RF Wireless + Bluetooth Utilizzo raccomandato Universale Struttura tastiera QWERTZ Linguaggio tastiera Tedesco Tecnologia di connessione Senza fili Utilizzo PC/server Fattore di forma tastiera Standard Stile tastiera Dritto Dispositivo di puntatura No Hub USB No Lettore di impronte digitali No Riposo del polso S&#236; Tastiera numerica S&#236; Banda di frequenza 2.4 GHz Tastiera completa S&#236; Larghezza imballo 49 mm Profondit&#224; imballo 526 mm Altezza imballo 221 mm Peso dell'imballo 1,24 kg Tipo di imballo Scatola Range wireless 10 m Indicatore di carica della batteria S&#236; Ricevitore incluso S&#236; Batterie incluse S&#236; Cavi inclusi USB Guida utente S&#236; Interno No Colore del prodotto Nero Retroilluminazione No interfaccia ricevitore senza fili USB Ricevitore unificatore S&#236; Mouse incluso S&#236; Fattore di forma Mano destra Tecnologia di rilevamento del movimento Ottico Risoluzione movimento 1000 DPI Numero di tasti 8 Rotella di scorrimento S&#236; Tipo di scorimmento Rotella Numero di rotelle 1 Tipo di pulsanti Tasti premuti Interrutore On/Off S&#236; Quantit&#224; per container intermodale (20 piedi) 4248 pezzo(i) Quantit&#224; per container intermodale (40 piedi) 8748 pezzo(i) Quantit&#224; per pallett 224 pezzo(i) Larghezza scatola principale 20,6 cm Lunghezza del cartone principale 53,5 cm Altezza scatola principale 23,7 cm Peso del cartone principale 5,48 kg GTIN (EAN/UPC) del cartone principale 50992060668212|13.5|Accessori|Cavi E Accessori|Logitech|249983
Informatica|T_0383_4P01-00F|5099206077379|920-008675|50|25.03|Logitech MK540 Advanced tastiera RF Wireless QWERTZ Tedesco Nero, Bianco|https://static.scaboo.com/images/_ext/4/7/1/47184912.jpg|Sistema operativo Windows supportato Windows 7,Windows 10,Windows 11 Altri sistemi operativi supportati Cromo Dimensioni tastiera (WxDxH) 457,3 x 193,5 x 24 mm Peso della tastiera 805 g Dimensioni mouse (LxPxA) 61,8 x 111,5 x 39,2 mm Peso mouse 73,5 g Tipologia alimentazione Batteria tipo di batteria tastiera Stilo AA numero di batterie (tastiera) 2 Tecnologia batteria Alcalino Tipo batteria AA Numero di batterie 6 Utilizzo raccomandato Universale Interfaccia dispositivo RF Wireless Interruttore a chiave per tastiera Interruttore a chiave a membrana Struttura tastiera QWERTZ Linguaggio tastiera Tedesco Dispositivo di puntatura No Fattore di forma tastiera Full-size (100%) Tastiera numerica S&#236; Tasti Windows S&#236; Tasti di scelta rapida S&#236; Tecnologia di connessione Wireless Hub USB No Utilizzo Universale Lettore di impronte digitali No Banda di frequenza 2.4 GHz Resistente agli urti fino a 60 ml Numero di regolazioni dell'altezza 3 Regolazione dell'angolo (min) 4&#176; Regolazione dell'angolo (max) 8&#176; Interrutore On/Off S&#236; Ricevitore incluso S&#236; interfaccia ricevitore senza fili USB tipo di ricevitore Unifying receiver Ricevitore unificatore S&#236; Batterie incluse S&#236; Guida utente S&#236; Larghezza imballo 48 mm Profondit&#224; imballo 530 mm Altezza imballo 200 mm Peso dell'imballo 1,2 kg Tipo di imballo Scatola Retroilluminazione No Colore del prodotto Nero, Bianco Stile tastiera Dritto Tastiera completa S&#236; Riposo del polso S&#236; Altezza tastiera regolabile S&#236; Colorazione superficie Monocromatico Funzioni di protezione A prova di infiltrazioni Indicatori LED S&#236; Indicatore di carica della batteria S&#236; Mouse incluso S&#236; Fattore di forma Ambidestro Tecnologia di rilevamento del movimento Ottico Numero di tasti 3 Tipo di pulsanti Tasti premuti Rotella di scorrimento S&#236; Tipo di scorimmento Rotella Direzioni di scorrimento Verticale tipo di batteria mouse Stilo AA Numero di batterie (mouse) 1 Impugnature in gomma S&#236; Numero di rotelle 1 Range wireless 10 m Plug & Play S&#236; GTIN (EAN/UPC) del cartone principale 50992060773718 Larghezza scatola principale 20,2 cm Lunghezza del cartone principale 53,9 cm Altezza scatola principale 21,8 cm Peso del cartone principale 5,36 kg Quantit&#224; per pallett 140 pz Quantit&#224; per container intermodale (20 piedi) 3320 pz Quantit&#224; per container intermodale (40 piedi) 7040 pz|13.5|Accessori|Cavi E Accessori|Logitech|249983
Informatica|T_0383_4P01-00Z|5099206092372|920-009794|50|22.69|Logitech MK295 tastiera RF Wireless QWERTZ Tedesco Nero|https://static.scaboo.com/images/_ext/8/0/3/80309946.jpg|Sistema operativo Windows supportato Windows 10,Windows 11 Altri sistemi operativi supportati Cromo Dimensioni tastiera (WxDxH) 441 x 149 x 18 mm Peso della tastiera 498 g Dimensioni mouse (LxPxA) 60 x 99 x 37 mm Peso mouse 75,2 g Tipologia alimentazione Batteria tipo di batteria tastiera Mini Stilo AAA numero di batterie (tastiera) 2 Tecnologia batteria Alcalino Vita della batteria 18 mese(i) Tipo batteria AAA Numero di batterie 3 Intervallo temperatura di funzionamento 0 - 40 &#176;C Intervallo di temperatura -20 - 50 &#176;C Range di umidit&#224; di funzionamento 10 - 90% Umidit&#224; 0 - 95% Utilizzo raccomandato Ufficio Interfaccia dispositivo RF Wireless Struttura tastiera QWERTZ Linguaggio tastiera Tedesco Dispositivo di puntatura No Fattore di forma tastiera Full-size (100%) Tastiera numerica S&#236; Durata operativa dei tasti della tastiera 7 milioni di caratteri Distanza di pressione del tasto 3,2 mm Forza di attuazione 57 g Banda di frequenza 2.4 GHz Punto di attuazione 2,4 mm Tasti silenziosi S&#236; Interrutore On/Off S&#236; Numero di prodotti inclusi 2 pz Ricevitore incluso S&#236; interfaccia ricevitore senza fili USB tipo di ricevitore Ricevitore nano Dimensi ricevitore (W x D x H) 18,7 x 6,1 x 14,4 mm Peso del ricevitore 1,8 g Batterie incluse S&#236; Larghezza imballo 158 mm Profondit&#224; imballo 510 mm Altezza imballo 46 mm Peso dell'imballo 750 g Tipo di imballo Scatola Retroilluminazione No Colore del prodotto Nero Stile tastiera Dritto Riposo del polso No Altezza tastiera regolabile S&#236; Colorazione superficie Monocromatico Materiali Acrilonitrile butadiene stirene (ABS), Gomma Funzioni di protezione A prova di infiltrazioni Indicatori LED S&#236; Mouse incluso S&#236; Fattore di forma Ambidestro Tecnologia di rilevamento del movimento Ottico Risoluzione movimento 1000 DPI Numero di tasti 3 Tipo di pulsanti Tasti premuti Rotella di scorrimento S&#236; Tipo di scorimmento Rotella Direzioni di scorrimento Verticale tipo di batteria mouse Stilo AA Numero di batterie (mouse) 1 Accelerazione (max) 30 G Velocit&#224; di inseguimento del mouse 160 ips (pollici al secondo) Durata del piedino 250 km Range wireless 10 m Larghezza scatola principale 16,6 cm Lunghezza del cartone principale 51,7 cm Altezza scatola principale 28,9 cm Peso del cartone principale 5,17 kg|13.5|Accessori|Cavi E Accessori|Logitech|249983
Informatica|T_0383_1T13-02G|5099206093430|920-009956|26|96.69|Logitech Folio Touch Grigio Smart Connector QWERTZ Tedesco|https://static.scaboo.com/images/_ext/8/7/0/87018548.jpg|Sistema operativo mobile supportato iPadOS Tecnologia di connessione Wireless Interfaccia dispositivo Smart Connector Larghezza 189 mm Profondit&#224; 21 mm Altezza 256 mm Peso 906 g Alimentazione Dock Struttura tastiera QWERTZ Linguaggio tastiera Tedesco Dispositivo di puntatura Trackpad Tastiera numerica No Tasti di scelta rapida S&#236; Tasti multimediali S&#236; Passo del tasto 1,8 cm Distanza di pressione del tasto 1 mm Larghezza imballo 29,5 mm Profondit&#224; imballo 202 mm Altezza imballo 263 mm Peso dell'imballo 860 g Guida rapida S&#236; Compatibilit&#224; marca Apple Compatibilit&#224; iPad Air (4th generation) Colore del prodotto Grigio Copertura S&#236; Retroilluminazione S&#236; Nome del colore Oxford Grey Capienza massima dimensioni dello schermo 27,7 cm (10.9) Retroilluminazione regolabile S&#236; Supporto per penna S&#236; Larghezza scatola principale 21,7 cm Lunghezza del cartone principale 25,5 cm Altezza scatola principale 29,4 cm Peso del cartone principale 7,66 kg|13.5|Accessori|Cavi E Accessori|Logitech|249983
Informatica|T_0383_1T13-02L|5099206095229|920-010142|50|107.75|Logitech Combo Touch Grigio Smart Connector QWERTZ Tedesco|https://static.scaboo.com/images/_ext/9/1/8/91831678.jpg|Sistema operativo mobile supportato iPadOS Tecnologia di connessione Senza fili Interfaccia dispositivo Smart Connector Larghezza 189,3 mm Profondit&#224; 252 mm Altezza 16,9 mm Peso 574 g Alimentazione Dock Struttura tastiera QWERTZ Linguaggio tastiera Tedesco Dispositivo di puntatura Trackpad Tastiera numerica No Fattore di forma tastiera Mini Tasti di scelta rapida S&#236; Passo del tasto 1,8 cm Distanza di pressione del tasto 1 mm Larghezza imballo 28 mm Profondit&#224; imballo 208,5 mm Altezza imballo 261 mm Peso dell'imballo 800 g Compatibilit&#224; marca Apple Compatibilit&#224; iPad Pro 11-inch (1st, 2nd, 3rd Gen) Colore del prodotto Grigio Copertura S&#236; Retroilluminazione S&#236; Nome del colore Oxford Grey Capienza massima dimensioni dello schermo 27,9 cm (11) Retroilluminazione regolabile S&#236; Supporto per penna S&#236; Larghezza scatola principale 22,4 cm Lunghezza del cartone principale 24,7 cm Altezza scatola principale 29 cm Peso del cartone principale 7,02 kg|13.5|Accessori|Cavi E Accessori|Logitech|249983
Informatica|T_0383_4M01-054|5099206097179|910-006236|50|20.42|Logitech Signature M650 mouse Mano destra Wireless a RF + Bluetooth Ottico 2000 DPI|https://static.scaboo.com/images/_ext/9/5/6/95646763.jpg|Sistema operativo Windows supportato Windows 10,Windows 11 Compatibilit&#224; sistema operativo Mac Mac OS X 10.14 Mojave Sistema operativo Linux supportato S&#236; Sistema operativo mobile supportato Android, iPadOS Altri sistemi operativi supportati Cromo Larghezza 62,6 mm Profondit&#224; 118,2 mm Altezza 41,5 mm Peso 111,2 g Alimentazione Batterie Numero di batterie 1 Tipo batteria Stilo AA Vita della batteria 24 mese(i) Quantit&#224; 1 Ricevitore incluso S&#236; interfaccia ricevitore senza fili USB tipo A Batterie incluse S&#236; Guida utente S&#236; Range wireless 10 m Compatibilit&#224; Logi Bolt USB Receiver Fattore di forma Mano destra Colore del prodotto Grafite Design ergonomico S&#236; Colorazione superficie Tinta unita Impugnature in gomma S&#236; Utilizzo Ufficio Interfaccia dispositivo Wireless a RF + Bluetooth Tecnologia di rilevamento del movimento Ottico Tipo di scorimmento Rotella Numero di tasti 5 Tipo di pulsanti Tasti premuti Risoluzione movimento 2000 DPI Funzioni bottone Indietro, Avanti Numero di rotelle 1 Direzioni di scorrimento Verticale Plastica riciclata post-consumo 64%|13.5|Accessori|Cavi E Accessori|Logitech|249983
Informatica|T_0383_4M01-059|5099206097223|910-006253|50|25.69|Logitech Signature M650 Wireless GRAPH mouse|https://static.scaboo.com/images/_ext/9/5/6/95646767.jpg||13.5|Accessori|Cavi E Accessori|Logitech|249983
Informatica|T_0383_1T13-02T|5099206106710|920-011200|12|69.74|Logitech Rugged Folio Grafite Smart Connector QWERTZ Tedesco|https://static.scaboo.com/images/_ext/1/0/4/104913272.jpg|Sistema operativo mobile supportato iPadOS Tecnologia di connessione Docking Interfaccia dispositivo Smart Connector Larghezza 195 mm Profondit&#224; 20 mm Altezza 256 mm Peso 570 g Alimentazione Dock Struttura tastiera QWERTZ Linguaggio tastiera Tedesco Dispositivo di puntatura No Tastiera numerica No Tasti di scelta rapida S&#236; Tasti multimediali S&#236; Passo del tasto 1,8 cm Distanza di pressione del tasto 1,2 mm Contenuto della confezione Custodia con tastiera Rugged foliodocumentazione Compatibilit&#224; marca Apple Compatibilit&#224; iPad (10th gen)Model: A2696, A2757, A2777 Colore del prodotto Grafite Copertura S&#236; Retroilluminazione No Funzioni di protezione Resistente agli spruzzi Supporto per penna S&#236;|13.5|Accessori|Cavi E Accessori|Logitech|249983
Informatica|T_0383_1T13-02U|5099206107427|920-011423|50|51.53|Logitech Slim Folio Grigio Bluetooth QWERTZ Tedesco|https://static.scaboo.com/images/_ext/1/0/4/104913247.jpg|Sistema operativo mobile supportato iPadOS Tecnologia di connessione Wireless Interfaccia dispositivo Bluetooth Bluetooth Low Energy (BLE) S&#236; Larghezza 186,7 mm Profondit&#224; 20 mm Altezza 253 mm Peso 449 g Alimentazione Batteria Numero di batterie 2 Durata della batteria 3 anno/i Struttura tastiera QWERTZ Linguaggio tastiera Tedesco Dispositivo di puntatura No Tastiera numerica No Tasti di scelta rapida S&#236; Tasti multimediali S&#236; Passo del tasto 1,8 cm Distanza di pressione del tasto 1 mm Contenuto della confezione Custodia con tastiera Slim Folio per iPaddocumentazione Compatibilit&#224; marca Apple Compatibilit&#224; iPad (10th gen)Model: A2696, A2757, A2777 Colore del prodotto Grigio Copertura S&#236; Retroilluminazione No Nome del colore Oxford Grey Funzioni di protezione Resistente agli urti, Antigraffio Supporto per penna S&#236;|13.5|Accessori|Cavi E Accessori|Logitech|249983
Informatica|T_0383_4M01-06F|5099206111622|910-007029|39|26.73|Logitech ERGO M575S|https://static.scaboo.com/images/_ext/1/2/1/121940857.jpg|Sistema operativo Windows supportato Windows 10, Windows 11 Compatibilit&#224; sistema operativo Mac Mac OS X 12.0 Monterey, Mac OS X 13.0 Ventura, Mac OS X 14.0 Sonoma Sistema operativo Linux supportato S&#236; Sistema operativo mobile supportato Android 12.0, iPadOS Larghezza 100 mm Profondit&#224; 48 mm Altezza 134 mm Peso 145 g Alimentazione Batterie Porta di ricarica USB Type-C No Numero di batterie 1 Tipo batteria Stilo AA Vita della batteria 18 mese(i) Alimentazione USB No Quantit&#224; per pacco 1 pz Adattatore AC/DC No Tipo di imballo Scatola Range wireless 10 m Ricevitore incluso S&#236; interfaccia ricevitore senza fili USB tipo A tipo di ricevitore Ricevitore nano Batterie incluse S&#236; Guida utente S&#236; Durata della garanzia 2 anno/i Fattore di forma Mano destra Colore del prodotto Blu, Grafite Design ergonomico S&#236; Colorazione superficie Monocromatico Materiali Acrilonitrile butadiene stirene (ABS) Utilizzo Ufficio Interfaccia dispositivo RF senza fili + Bluetooth Tecnologia di rilevamento del movimento Trackball Risoluzione movimento 2000 DPI Tipo di scorimmento Rotella Numero di tasti 5 Numero di rotelle 1 Direzioni di scorrimento Verticale Tipo di pulsanti Tasti premuti bottoni del mouse programmabili S&#236; Numero di pulsanti programmabili 3 Funzioni bottone Indietro (azione), Avanti Durata dei tasti (milioni di clic) 3 Clic silenzioso S&#236; Tempo di risposta 11,25 ms Polling rate 88,133 Hz Bluetooth Low Energy (BLE) S&#236; Certificati di sostenibilit&#224; Forest Stewardship Council (FSC) Plastica riciclata post-consumo 52%|13.5|Accessori|Cavi E Accessori|Logitech|249983
Informatica|T_0383_4M01-05X|5099206111721|910-006929|32|51.06|Logitech MX Anywhere 3S mouse Mano destra RF senza fili + Bluetooth Laser 8000 DPI|https://static.scaboo.com/images/_ext/1/1/0/110419771.jpg|Sistema operativo Windows supportato Windows 10, Windows 11 Compatibilit&#224; sistema operativo Mac Mac OS X 10.15 Catalina, Mac OS X 10.15.3 Catalina, Mac OS X 11.0 Big Sur, Mac OS X 12.0 Monterey, Mac OS X 13.0 Ventura Sistema operativo Linux supportato S&#236; Sistema operativo mobile supportato Android 10.0, Android 11.0, Android 12.0, Android 8.0, Android 9.0, iOS 14, iOS 14.5, iOS 15 Larghezza 65 mm Profondit&#224; 100,5 mm Altezza 34,4 mm Peso 99 g Alimentazione Batterie Ricaricabile S&#236; Tipo di porta di ricarica USB tipo-C Numero di batterie 1 Tipo batteria Batteria integrata Tecnologia batteria Polimeri di litio (LiPo) Capacit&#224; della batteria 500 mAh Quantit&#224; 1 Funziona su tutte le superfici S&#236; Ricevitore incluso No Guida utente S&#236; Compatibilit&#224; Logi Bolt USB receiver Fattore di forma Mano destra Colore del prodotto Grafite Colorazione superficie Monocromatico Utilizzo Ufficio Interfaccia dispositivo RF senza fili + Bluetooth Tecnologia di rilevamento del movimento Laser Tipo di scorimmento Rotella Numero di tasti 6 Tipo di pulsanti Tasti premuti Risoluzione movimento 8000 DPI Risoluzione di movimento personalizzabile S&#236; Supporto multi-dispositivo S&#236; Clic silenzioso S&#236; Numero di rotelle 1 Direzioni di scorrimento Verticale/Orizzontale Bluetooth Low Energy (BLE) S&#236; Certificati di sostenibilit&#224; CarbonNeutral, Forest Stewardship Council (FSC) Plastica riciclata post-consumo 78%|13.5|Accessori|Cavi E Accessori|Logitech|249983
Informatica|T_0383_4N01-030|5099206112094|920-011565|50|62.14|Logitech MX Keys S tastiera RF senza fili + Bluetooth QWERTZ Tedesco Grafite|https://static.scaboo.com/images/_ext/1/1/1/111112080.jpg|Sistema operativo Windows supportato Windows 10, Windows 11 Compatibilit&#224; sistema operativo Mac Mac OS X 10.15 Catalina, Mac OS X 10.15.3 Catalina, Mac OS X 11.0 Big Sur, Mac OS X 12.0 Monterey, Mac OS X 13.0 Ventura Sistema operativo Linux supportato S&#236; Sistema operativo mobile supportato Android 10.0, Android 11.0, Android 12.0, Android 8.0, Android 9.0, iOS 14, iOS 14.5, iOS 15, iPadOS Altri sistemi operativi supportati ChromeOS Dimensioni tastiera (WxDxH) 430,2 x 131,63 x 20,5 mm Peso della tastiera 810 g Tipologia alimentazione Batteria tipo di batteria tastiera Batteria integrata numero di batterie (tastiera) 1 Tecnologia batteria Polimeri di litio (LiPo) Capacit&#224; della batteria 1500 mAh Ricaricabile S&#236; Fonte di ricarica USB tipo-C Utilizzo raccomandato Universale Interfaccia dispositivo RF senza fili + Bluetooth Interruttore a chiave per tastiera Tasto con meccanismo a forbici Struttura tastiera QWERTZ Linguaggio tastiera Tedesco Dispositivo di puntatura No Fattore di forma tastiera Full-size (100%) Tastiera numerica S&#236; Profilo dei tasti della tastiera A basso profilo Supporto multi-dispositivo S&#236; Bluetooth Low Energy (BLE) S&#236; Interrutore On/Off S&#236; Sensore di prossimit&#224; S&#236; Sensore luce ambientale S&#236; Numero di prodotti inclusi 1 pz Ricevitore incluso S&#236; interfaccia ricevitore senza fili USB tipo A tipo di ricevitore Ricevitore nano Dimensi ricevitore (W x D x H) 14,4 x 6,6 x 18,4 mm Peso del ricevitore 2 g Cavi inclusi USB Type-A - USB Type-C Guida utente S&#236; Software scaricabile Logi Options+ Compatibilit&#224; Logi Bolt USB receiver Plastica riciclata post-consumo 26% Retroilluminazione S&#236; Colore del prodotto Grafite Tipologia di retroilluminazione LED Colore retroilluminazione Bianco Retroilluminazione regolabile S&#236; Stile tastiera Dritto Colorazione superficie Monocromatico Materiali Alluminio Indicatori LED S&#236; Mouse incluso No Range wireless 10 m Certificati di sostenibilit&#224; CarbonNeutral, Forest Stewardship Council (FSC)|13.5|Accessori|Cavi E Accessori|Logitech|249983
Informatica|T_0383_4P01-01E|5099206112360|920-011606|50|101.69|Logitech MX Keys S Combo tastiera Mouse incluso RF senza fili + Bluetooth QWERTZ Tedesco Grafite|https://static.scaboo.com/images/_ext/1/1/1/111112465.jpg|Sistema operativo Windows supportato Windows 10, Windows 11 Compatibilit&#224; sistema operativo Mac Mac OS X 10.10 Yosemite, Mac OS X 10.11 El Capitan, Mac OS X 10.12 Sierra, Mac OS X 10.13 High Sierra, Mac OS X 10.14 Mojave, Mac OS X 10.15 Catalina, Mac OS X 10.15.3 Catalina, Mac OS X 10.5 Leopard, Sistema operativo Linux supportato S&#236; Altri sistemi operativi supportati ChromeOS Dimensioni tastiera (WxDxH) 430,2 x 131,63 x 20,5 mm Peso della tastiera 810 g Dimensioni mouse (LxPxA) 84,3 x 124,9 x 51 mm Peso mouse 141 g Tipologia alimentazione Batteria tipo di batteria tastiera Batteria integrata numero di batterie (tastiera) 1 Tecnologia batteria Polimeri di litio (LiPo) Capacit&#224; della batteria 1500 mAh Ricaricabile S&#236; Fonte di ricarica USB tipo-C Utilizzo raccomandato Ufficio Interfaccia dispositivo RF senza fili + Bluetooth Interruttore a chiave per tastiera Tasto con meccanismo a forbici Struttura tastiera QWERTZ Linguaggio tastiera Tedesco Dispositivo di puntatura No Fattore di forma tastiera Full-size (100%) Tastiera numerica S&#236; Profilo dei tasti della tastiera A basso profilo Supporto multi-dispositivo S&#236; Bluetooth Low Energy (BLE) S&#236; Interrutore On/Off S&#236; Sensore di prossimit&#224; S&#236; Sensore luce ambientale S&#236; Numero di prodotti inclusi 3 pz Ricevitore incluso S&#236; interfaccia ricevitore senza fili USB tipo A tipo di ricevitore Ricevitore nano Dimensi ricevitore (W x D x H) 14,4 x 6,6 x 18,4 mm Peso del ricevitore 2 g Guida utente S&#236; Software scaricabile Logi Options+ Compatibilit&#224; Logi Bolt USB receiver Plastica riciclata post-consumo 26% Retroilluminazione S&#236; Colore del prodotto Grafite Tipologia di retroilluminazione LED Colore retroilluminazione Bianco Retroilluminazione regolabile S&#236; Stile tastiera Dritto Riposo del polso S&#236; Colorazione superficie Monocromatico Materiali Alluminio Indicatori LED S&#236; Mouse incluso S&#236; Fattore di forma Mano destra Tecnologia di rilevamento del movimento Laser Numero di tasti 7 Tipo di pulsanti Tasti premuti Rotella di scorrimento S&#236; Tipo di scorimmento Rotella Direzioni di scorrimento Verticale/Orizzontale Scorrimento basculante S&#236; Scorrimento iperveloce S&#236; Funzioni bottone Indietro, Avanti tipo di batteria mouse Batteria integrata Tecnologia della batteria del mouse Polimeri di litio (LiPo) Capacit&#224; della batteria del mouse 500 mAh Numero di batterie (mouse) 1 Numero di rotelle 2 Range wireless 10 m Certificati di sostenibilit&#224; CarbonNeutral, Forest Stewardship Council (FSC)|13.5|Accessori|Cavi E Accessori|Logitech|249983
Informatica|T_0383_4P01-01S|5099206119376|920-012484|29|53.04|Logitech MK950 Signature Slim tastiera Mouse incluso Ufficio RF senza fili + Bluetooth QWERTZ Tedesco Grafite, Bianco|https://static.scaboo.com/images/_ext/1/2/0/120131349.jpg|RENDI PIÙ FACILE IL TUO LAVORO Quando lavoriamo da casa, le nostre vite si fondono e abbiamo bisogno di strumenti progettati per tutti gli aspetti della vita. Un tocco di magia a portata di mano con il Signature Slim Combo. Quindi, qualsiasi cosa oggi ti venga richiesta, puoi portarla a termine. PASSA DAL TUO COMPUTER PERSONALE E DA LAVORO Utilizza un mouse e una tastiera su più computer, anche su sistemi operativi diversi. Collegali tramite Bluetooth o ricevitore Logi Bolt per trasferire testo, immagini e file da un computer all'altro in tutta semplicità, come per magia. PUOI SCEGLIERE Con il tuo Signature Slim Combo MK950 e l’app Logi Options+, puoi combinare il lavoro con la vita quotidiana. FAI LAVORARE PER TE Personalizza facilmente i tasti funzione. Assegna funzioni semplici su tastiera e mouse, come l'apertura di un browser, lo streaming di musica e altro ancora. Assumi il controllo e ottimizza l'efficienza con le scelte rapide personalizzate. RISPARMIA TEMPO COME PER MAGIA Scegli Azioni intelligenti pronte all'uso, create per alternare tra lavoro e vita privata. Semplifica la tua routine e svolgi più attività con un solo clic o la pressione di un tasto per farlo più velocemente. LA TUA POSTAZIONE, UN NUOVO LIVELLO Il design elegante e la qualità costruttiva della tastiera Signature Slim Keyboard K950 di dimensioni standard conferiscono un tocco di eleganza a qualsiasi scrivania. Il mouse Signature Plus M750, realizzato con plastica riciclata, offre un accessorio eccezionale dalla forma sagomata e confortevole. DIGITAZIONE SILENZIOSA Concentrati sul tuo lavoro grazie alla silenziosità di digitazione e clic. Il mouse Signature Plus M750 con tecnologia SilentTouch produce il 90% in meno di rumore dei clic. SCORRI IN BASE ALL’USO Signature Plus Mouse M750 con SmartWheel ti consente di scorrere i documenti una riga per riga o di scorrere facilmente una lunga pagina Web. DIGITA TRA LAPTOP, TABLET O TELEFONO È possibile associare la tastiera Signature Slim K950 a tre dispositivi e passare dall'uno all'altro con la semplice pressione di un pulsante. FUNZIONA SU QUALSIASI PIATTAFORMA Non preoccuparti del sistema operativo del dispositivo. Sarai in grado di connetterti in modalità wireless e lavorare su Windows, macOS, Chrome OS, Linux, ipadOS, iOS e Android. LAVORA E CHATTA IN MINORE La plastica dovrebbe avere più di una vita PARTI IN PLASTICA RICICLATA Le parti in plastica del Signature Slim Combo MK950 includono plastica riciclata certificata post-consumo —Signature Slim K950: 62% per il colore grafite e 48% per il colore bianco avorio; Signature M750: 61% per Graphite e 25% per Off-white, per dare una nuova vita ai materiali plastici provenienti da vecchi apparecchi elettronici e ridurre la nostra impronta di carbonio. L'alluminio è diventato cool ALLUMINIO A BASSE EMISSIONI DI CARBONIO Sapevi che la produzione di alluminio comporta un elevato consumo di energia? Ecco perché la piastra in alluminio all'interno della Signature Slim Keyboard K950 viene realizzata utilizzando energia rinnovabile anziché combustibili fossili. Magnifica e con un impatto dell’impronta di carbonio ridotta. NON È SOLO COSA C’È CONTENUTO DELLA CONFEZIONE... IMBALLAGGIO SOSTENIBILE La carta utilizzata per il packaging di Signature Slim Combo MK950 proviene da foreste con certificazione FSC™ e da altre fonti controllate. Scegliendo questo prodotto sostieni la gestione responsabile delle foreste del mondo. TUTTO PER RIDURRE L’EMISSIONE DI CARBONIO CERTIFICAZIONE DI NEUTRALITÀ CARBONICA Il Signature Slim Combo MK950 ha ottenuto la certificazione di neutralità carbonica. Questo significa che l’impronta di carbonio del prodotto e dell'imballaggio è stata ridotta a zero grazie agli investimenti di Logitech in progetti di riduzione dell’impronta ecologica. Sistema operativo Windows supportato Windows 10, Windows 11 Compatibilit&#224; sistema operativo Mac Mac OS X 11.0 Big Sur, Mac OS X 12.0 Monterey, Mac OS X 13.0 Ventura, Mac OS X 14.0 Sonoma Sistema operativo Linux supportato S&#236; Sistema operativo mobile supportato Android 9.0, iOS 14, iPadOS 14 Altri sistemi operativi supportati ChromeOS Dimensioni tastiera (WxDxH) 433,8 x 134,8 x 23,1 mm Peso della tastiera 685 g Dimensioni mouse (LxPxA) 61 x 108,2 x 38,8 mm Peso mouse 101,3 g Tipologia alimentazione Batteria tipo di batteria tastiera Mini Stilo AAA numero di batterie (tastiera) 2 Tecnologia batteria Alcalino Vita della batteria 36 mese(i) Utilizzo raccomandato Ufficio Tecnologia di connessione Wireless Interfaccia dispositivo RF senza fili + Bluetooth Interruttore a chiave per tastiera Tasto con meccanismo a forbici Struttura tastiera QWERTZ Linguaggio tastiera Tedesco Dispositivo di puntatura No Fattore di forma tastiera Full-size (100%) Tastiera numerica S&#236; Profilo dei tasti della tastiera A basso profilo Supporto multi-dispositivo S&#236; Distanza di pressione del tasto 1,8 mm Forza di attuazione 60 g Punto di attuazione 1,2 mm Versione Bluetooth 5.1 Bluetooth Low Energy (BLE) S&#236; Interrutore On/Off S&#236; Guida rapida S&#236; Larghezza imballo 450 mm Profondit&#224; imballo 147 mm Altezza imballo 62 mm Peso dell'imballo 1,11 kg Tipo di imballo Scatola Software scaricabile Logi Options+ Numero di prodotti inclusi 2 pz Ricevitore incluso S&#236; interfaccia ricevitore senza fili USB tipo A tipo di ricevitore Ricevitore nano Batterie incluse S&#236; Guida utente S&#236; Scheda di garanzia S&#236; Contenuto della confezione 1 ricevitore USB Bolt (esterno ai dispositivi, nel supporto kbd)1 tastiera con 2 batterie AAA (preinstallate)1 mouse con 1 batteria AA (preinstallata)1 x IID (4\u2019\u2019 x 4\u2019\u2019)1 Q Compatibilit&#224; Ricevitore USB Logi Bolt Durata della garanzia 2 anno/i Retroilluminazione S&#236; Colore del prodotto Grafite, Bianco Stile tastiera Dritto Altezza tastiera regolabile S&#236; Colorazione superficie Monocromatico Indicatori LED S&#236; Mouse incluso S&#236; Fattore di forma Mano destra Tecnologia di rilevamento del movimento Ottico Risoluzione movimento 4000 DPI Numero di tasti 6 Tipo di pulsanti Tasti premuti Rotella di scorrimento S&#236; Tipo di scorimmento Rotella Direzioni di scorrimento Verticale Scorrimento basculante S&#236; Scorrimento iperveloce S&#236; Funzioni bottone Indietro, Commutatore DPI, Avanti tipo di batteria mouse Stilo AA Tecnologia della batteria del mouse Alcalino Durata della batteria del mouse 24 mese(i) Numero di batterie (mouse) 1 Interruttore on/off del mouse S&#236; Range wireless 10 m Certificati di sostenibilit&#224; CarbonNeutral, Forest Stewardship Council (FSC) Conformit&#224; alla sostenibilit&#224; S&#236;|13.5|Accessori|Cavi E Accessori|Logitech|249983
Informatica|T_0383_1T13-02W|5099206121904|920-012611|50|116.03|Logitech Combo Touch QWERTZ Tedesco Smart Connector Grigio|https://static.scaboo.com/images/_ext/1/2/0/120688043.jpg|Sfrutta le potenzialità del tuo iPad Alimenta la tua passione ovunque ti trovi. Scopri la custodia con tastiera che offre livelli completamente nuovi di versatilità e protezione. Più modalità di utilizzo ti consentono di digitare, visualizzare, disegnare, leggere e molto altro con Combo Touch per iPad Air. Possibilità? Infinite. Vai leggero. Vai lontano. Nuove funzionalità per i modelli Combo Touch 2024 Più sottile. Più leggero. Il nuovo Combo Touch è il più sottile e leggero di sempre; entra in borsa, viaggia leggera e incrementa la tua produttività ovunque ti trovi. Il trackpad più grande di sempre Il più grande trackpad mai realizzato per Combo Touch. Tutte le gestualità multi-touch che utilizzi abitualmente, ovvero scorrimento orizzontale, avvicinamento delle dita, doppio tocco e altro ancora. Materiali premium. Progettato con cura, con materiali sostenibili di alta qualità che si abbinano perfettamente al design. I nostri tessuti di nuova concezione sono belli e morbidi al tatto. FUNZIONALITÀ CLASSICHE, OGNI MODELLO Funzionalità condivise da tutti i modelli Combo Touch per iPad Air Usa come vuoi tu Molteplici modalità di utilizzo e infinite possibilità. Digita, disegna, guarda video, leggi o partecipa a una videochiamata. Tastiera standard rimovibile I tasti grandi e ben distanziati offrono alle tue mani tutto lo spazio per digitare comodamente, mentre i tasti scissor-switch offrono un ritorno perfetto. Hai finito di digitare? Rimuovi la tastiera per disegnare, guardare video o leggere in totale libertà. Trackpad multi-touch Il trackpad preciso offre l'esperienza di tracciamento superiore e intuitiva necessaria per ogni attività. Tutte le gestualità multi-touch che utilizzi abitualmente, ovvero scorrimento orizzontale, avvicinamento delle dita, doppio tocco e altro ancora. Cavalletto flessibile Trova la tua angolazione preferita per qualsiasi attività con il supporto ultra flessibile. Protezione completa e ottimale La custodia robusta e portatile protegge il tuo iPad da urti e graffi, così puoi portarlo ovunque con la massima tranquillità. Digita giorno e notte I tasti retroilluminati regolabili rendono le tue sessioni di lavoro ancora più piacevoli e piacevoli Accensione, associazione e ricarica La tecnologia Smart Connector consente una connettività fluida, istantanea e sicura senza bisogno di ricarica, grazie all'iPad. Supporta Apple Pencil Combo Touch per iPad è progettata per supportare la ricarica wireless di Apple Pencil. Tasti di scelta rapida iPadOS Basta cercare nei menu su schermo le funzionalità più comuni. Combo Touch raggiunge l'obiettivo con una riga completa di tasti di scelta rapida iPadOS. Regola i controlli del volume e multimediali, la luminosità dei tasti e molto altro ancora con l'accesso a un solo tocco. - Home: consente di accedere alla schermata iniziale - Luminosità schermo: regola la luminosità dello schermo - Tastiera virtuale: mostra/nasconde la tastiera virtuale - Cerca: visualizza il campo di ricerca di iPadOS - Luminosità tasti: regola la retroilluminazione dei tasti - Controlli multimediali: indietro, riproduzione/pausa, avanti - Controlli volume: disattivazione audio, riduzione volume, aumento volume - Accensione/spegnimento schermo: blocca lo schermo dell'iPad Sistema operativo mobile supportato iPadOS Tecnologia di connessione Docking Interfaccia dispositivo Smart Connector Larghezza 225,8 mm Profondit&#224; 15,1 mm Altezza 285 mm Peso 685,9 g Alimentazione Dock Struttura tastiera QWERTZ Linguaggio tastiera Tedesco Dispositivo di puntatura Trackpad Tastiera numerica No Tasti di scelta rapida S&#236; Tasti multimediali S&#236; Passo del tasto 1,9 cm Distanza di pressione del tasto 1 mm Guida utente S&#236; Contenuto della confezione Custodia con tastieraDocumentazione per l'utente Fattore di forma tastiera Mini Compatibilit&#224; marca Apple Compatibilit&#224; iPad Air 13-inch (M2) Colore del prodotto Grigio Copertura S&#236; Retroilluminazione S&#236; Nome del colore Oxford Grey Capienza massima dimensioni dello schermo 33 cm (13) Retroilluminazione regolabile S&#236; Regolazione dell'angolo (min) 10&#176; Regolazione dell'angolo (max) 60&#176; Supporto per penna S&#236;|13.5|Accessori|Cavi E Accessori|Logitech|249983
Informatica|T_0383_1T13-02X|5099206123113|920-012770|50|133.53|Logitech Combo Touch QWERTZ Tedesco Smart Connector Grafite|https://static.scaboo.com/images/_ext/1/2/0/120688063.jpg|Sfrutta le potenzialità del tuo iPad Alimenta la tua passione ovunque ti trovi. Scopri la custodia con tastiera che offre livelli completamente nuovi di versatilità e protezione. Più modalità di utilizzo ti consentono di digitare, visualizzare, disegnare, leggere e molto altro in tutta semplicità con Combo Touch per iPad Pro. Possibilità? Infinite. Un nuovo modo di passare alla tecnologia Pro Nuove funzionalità per i modelli Combo Touch 2024 Più sottile. Più leggero. Il nuovo Combo Touch è il più sottile e leggero di sempre; entra in borsa, viaggia leggera e incrementa la tua produttività ovunque ti trovi. Il trackpad più grande di sempre Il più grande trackpad mai realizzato per Combo Touch. Tutte le gestualità multi-touch che utilizzi abitualmente, ovvero scorrimento orizzontale, avvicinamento delle dita, doppio tocco e altro ancora. Materiali premium. Progettato con cura, con materiali sostenibili di alta qualità che si abbinano perfettamente al design. Prova l’eleganza con la nostra elegante base in alluminio a basse emissioni di carbonio e i nostri tessuti morbidi al tatto di nuova concezione. FUNZIONALITÀ CLASSICHE, OGNI MODELLO Funzionalità condivise da tutti i modelli Combo Touch per iPad Pro Usa come vuoi tu Molteplici modalità di utilizzo e infinite possibilità. Digita, disegna, guarda video, leggi o partecipa a una videochiamata. Tastiera standard rimovibile I tasti grandi e ben distanziati offrono alle tue mani tutto lo spazio per digitare comodamente, mentre i tasti scissor-switch offrono un ritorno perfetto. Hai finito di digitare? Rimuovi la tastiera per disegnare, guardare video o leggere in totale libertà. Trackpad multi-touch Il preciso trackpad ad alta sensibilità su tutta la superficie offre l'esperienza di tracciamento superiore e intuitiva necessaria per ogni attività. Tutte le gestualità multi-touch che utilizzi abitualmente, ovvero scorrimento orizzontale, avvicinamento delle dita, doppio tocco e altro ancora. Cavalletto flessibile Trova la tua angolazione preferita per qualsiasi attività con il supporto ultra flessibile. Protezione completa e ottimale La custodia robusta e portatile protegge il tuo iPad Pro da urti e graffi, così puoi portarlo ovunque con la massima tranquillità. Digita giorno e notte I tasti retroilluminati regolabili rendono le tue sessioni di lavoro ancora più piacevoli e piacevoli. Accensione, associazione e ricarica La tecnologia Smart Connector consente una connettività fluida, istantanea e sicura senza bisogno di ricarica, grazie all'iPad. Supporta Apple Pencil Combo Touch ti consente di collegare Apple Pencil direttamente all’iPad. Non è necessario rimuovere la custodia. Tasti di scelta rapida iPadOS Basta cercare nei menu su schermo le funzionalità più comuni. Combo Touch raggiunge l'obiettivo con una riga completa di tasti di scelta rapida iPadOS. Regola i controlli del volume e multimediali, la luminosità dei tasti e molto altro ancora con l'accesso a un solo tocco. - Home: visualizza la schermata iniziale - Luminosità schermo: regola la luminosità - Tastiera su schermo: Mostra/nasconde la tastiera virtuale - Cerca: visualizza il campo di ricerca di iPadOS - Luminosità tasti: Regola la retroilluminazione dei tasti - Controlli multimediali: indietro, riproduzione/pausa, avanti - Controlli volume: disattivazione audio, riduzione volume, aumento volume - Accensione/spegnimento schermo: blocca lo schermo dell’iPad Sistema operativo mobile supportato iPadOS Tecnologia di connessione Docking Interfaccia dispositivo Smart Connector Larghezza 189,4 mm Profondit&#224; 13,5 mm Altezza 254,1 mm Peso 474 g Alimentazione Dock Struttura tastiera QWERTZ Linguaggio tastiera Tedesco Dispositivo di puntatura Trackpad Tastiera numerica No Tasti di scelta rapida S&#236; Passo del tasto 1,8 cm Distanza di pressione del tasto 1 mm Guida utente S&#236; Contenuto della confezione Custodia con tastieraDocumentazione per l'utente Fattore di forma tastiera Mini Compatibilit&#224; marca Apple Compatibilit&#224; iPad Pro 11-inch (M4) Colore del prodotto Grafite Copertura S&#236; Retroilluminazione S&#236; Capienza massima dimensioni dello schermo 27,9 cm (11) Retroilluminazione regolabile S&#236; Regolazione dell'angolo (min) 10&#176; Regolazione dell'angolo (max) 60&#176; Supporto per penna S&#236;|13.5|Accessori|Cavi E Accessori|Logitech|249983
Audio E tv|T_0383_4T18-00M|6925281969737|JBLQUANTUMONEBLK|50|73.59|JBL Quantum One Cuffie Cablato A Padiglione Giocare USB tipo-C Nero|https://static.scaboo.com/images/_ext/7/7/4/77473268.jpg|Peso netto del pallet 240,2 kg Sistema operativo Windows supportato Windows 10 Tecnologia di connessione Cablato Connettore 3.5 mm S&#236; Collegamento del dispositivo USB S&#236; Connettore USB USB tipo-C Bluetooth No Peso 526 g Larghezza imballo 112 mm Profondit&#224; imballo 245 mm Altezza imballo 231 mm Peso dell'imballo 1,25 kg Tipo di microfono Asta Frequenza microfono 100 - 10000 Hz Sensibilit&#224; microfono -41 dB Effetto di cancellazione del rumore S&#236; Tipo direzionamento microfono Unidirezionale Microfono staccabile S&#236; Modalit&#224; mute microfono S&#236; Disegno auricolare Circumaurale Massima potenza in entrata 30 mW Frequenza cuffia 20 - 20000 Hz Impedenza 32 \u03a9 Sensibilit&#224; cuffia 95 dB Unit&#224; driver 5 cm Tipologia driver Dinamico Tipo di riduzione del rumore Attivo Cavi inclusi Audio (3.5mm), Da USB tipo C a USB tipo A Numero di batterie 1 Tipo di prodotto Cuffie Stile d'uso A Padiglione Utilizzo raccomandato Giocare Colore del prodotto Nero Tipo di auricolare Stereofonico Tasti di funzionamento Volume +,Volume - Lunghezza cavo 1,2 m Cavo rimovibile S&#236; Retroilluminazione S&#236; Funziona con Google Assistant No Funziona con Apple Siri No Funziona con Amazon Alexa No Paese di origine Cina Quantit&#224; per livello 28 pz Lunghezza del pallet 120 cm Numero di cartoni per pallet 42 pz Numero di livelli per pallet 6 pz Quantit&#224; per pallett 168 pz GTIN (EAN/UPC) del pallet 6925281969737 Larghezza scatola principale 25,1 cm Lunghezza del cartone principale 48,4 cm Altezza scatola principale 28,3 cm Peso del cartone principale 5,72 kg Volume del cartone principale 0,034 cm&#179; GTIN (EAN/UPC) del cartone principale 6925281969737 Materiali Plastica Volume regolabile S&#236;|13.5|Tutto Audio E tv||Jbl|249983
Informatica|T_0383_3F57-001|6941876223695|25369|20|264.83|Ugreen NASync DXP2800 NAS System 2-Bay Compatta Intel® N N100 8 GB DDR5 0 TB UGOS Pro Nero|https://static.scaboo.com/images/_ext/1/2/2/122753172.jpg|Famiglia processore Intel&#174; N Produttore processore Intel Modello del processore N100 Frequenza del processore turbo massima 3,4 GHz Numero di core del processore 4 Numero di threads del processore 4 Cache processore 6 MB Modello scheda grafica integrata Intel&#174; UHD Graphics RAM installata 8 GB Tipo di RAM DDR5 Massima RAM supportata 16 GB Memoria flash 32000 MB Quantit&#224; porte Ethernet LAN (RJ-45) 1 Porta USB S&#236; Quantit&#224; porte USB 2.0 2 Quantit&#224; di porte USB 3.2 Gen 1 (3.1 Gen 1) di tipo A 2 Quantit&#224; di porte USB 3.2 Gen 2 (3.1 Gen 2) di tipo C 1 Quantit&#224; porte HDMI 1 Larghezza 109 mm Profondit&#224; 231 mm Altezza 177 mm Peso 2,54 kg Collegamento ethernet LAN S&#236; Velocit&#224; trasferimento Ethernet LAN 2500 Mbit/s Unit&#224; di archiviazione installate No Capacit&#224; di archiviazione totale installata 0 TB Numero di unit&#224; di archiviazione installate 0 numero di dispositivi di archivio supportati 2 Tipi di unit&#224; di archiviazione installate No Tipi di unit&#224; di archiviazione supportate HDD & SSD Capacit&#224; dell'unit&#224; di archiviazione 0 GB Interfaccia dispositivo di archiviazione M.2, SATA Supporto RAID S&#236; Capacit&#224; massima di archiviazione supportata 64 TB Livelli RAID 0, 1, JBOD Sistema operativo incluso UGOS Pro Sistema operativo Windows supportato S&#236; Compatibilit&#224; sistema operativo Mac S&#236; Altri sistemi operativi supportati Android, iOS Tipo di case Compatta Colore del prodotto Nero Indicatori LED S&#236; Tipo NAS Classe del dispositivo Casa e piccoli uffici|13.5|Hard Disk, Ssd E Nas|Nas|Ugreen|249983
Informatica|T_0383_3F57-002|6941876232611|35261|50|424.18|Ugreen NASync DXP4800 Plus NAS Desktop Intel® Pentium® Gold 8505 8 GB DDR5 0 TB UGOS PRO|https://static.scaboo.com/images/_ext/1/2/2/122806977.jpg|Famiglia processore Intel&#174; Pentium&#174; Gold Produttore processore Intel Modello del processore 8505 Frequenza del processore turbo massima 4,4 GHz Numero di threads del processore 6 Cache processore 8 MB Tipo di cache del processore Cache intelligente Modello scheda grafica integrata Intel&#174; UHD Graphics RAM installata 8 GB Tipo di RAM DDR5 Massima RAM supportata 64 GB Quantit&#224; porte Ethernet LAN (RJ-45) 2 Porta USB S&#236; Quantit&#224; porte USB 2.0 2 Quantit&#224; di porte USB 3.2 Gen 1 (3.1 Gen 1) di tipo A 2 Quantit&#224; di porte USB 3.2 Gen 2 (3.1 Gen 2) di tipo C 1 Quantit&#224; porte HDMI 1 Larghezza 178 mm Profondit&#224; 178 mm Altezza 257,5 mm Peso 6,02 kg Collegamento ethernet LAN S&#236; Velocit&#224; trasferimento Ethernet LAN 2500,10000 Mbit/s Unit&#224; di archiviazione installate No Capacit&#224; di archiviazione totale installata 0 TB Numero di unit&#224; di archiviazione installate 0 numero di dispositivi di archivio supportati 6 Tipi di unit&#224; di archiviazione installate No Tipi di unit&#224; di archiviazione supportate HDD & SSD Capacit&#224; dell'unit&#224; di archiviazione 0 GB Interfaccia dispositivo di archiviazione M.2, SATA Supporto RAID S&#236; Capacit&#224; massima di archiviazione supportata 112 TB Tipo di unit&#224; del sistema SSD Capacit&#224; dell'unit&#224; di sistema 128 GB Livelli RAID 0, 1, 5, 6, 10, JBOD Sistema operativo incluso UGOS PRO Sistema operativo Windows supportato S&#236; Compatibilit&#224; sistema operativo Mac S&#236; Altri sistemi operativi supportati Android, iOS Tipo di case Desktop Indicatori LED S&#236; Tipo NAS Classe del dispositivo Casa e piccoli uffici Lettore di schede integrato S&#236; Tipi schede di memoria SD|13.5|Hard Disk, Ssd E Nas|Nas|Ugreen|249983
Informatica|T_0383_2A01-55R|7350041081098|FD-CA-CORE-1000-USB3-BL|10|30.74|Fractal Design Core 1000 USB 3.0 Midi Tower Nero|https://static.scaboo.com/images/_ext/1/8/0/18034613.jpg|Quantit&#224; porte USB 2.0 1 Quantit&#224; di porte USB 3.2 Gen 1 (3.1 Gen 1) di tipo A 1 Ingresso audio S&#236; Uscita audio S&#236; Larghezza 175 mm Profondit&#224; 420 mm Altezza 355 mm Peso 4,1 kg Dimensioni di hard disk drive supportati 2.5,3.5 Larghezza imballo 230 mm Profondit&#224; imballo 473 mm Altezza imballo 415 mm Peso dell'imballo 5 kg Ventole anteriori installate 1x 120 mm Numero massimo di ventole frontali 1 Diametro delle ventole frontali supportato 120 mm Numero massimo ventole laterali 1 Diametro delle ventole laterali supportato 120 mm Numero massimo ventole posteriori 1 Diametro delle ventole posteriori supportato 92 mm Manuale dell'utente S&#236; Fattore di forma Midi Tower Tipo PC Colore del prodotto Nero Fattore di forma scheda madre supportato DTX, micro ATX, Mini-ITX Numero di vani per drive 3.5 2 numero di slot espansivi 4 Finestra laterale No Altoparlanti incorporati No Tasto reset S&#236; Indicatori LED S&#236; Altezza massima dissipatori CPU 14,8 cm lunghezza massima scheda grafica 35 cm Fonte di alimentazione inclusa No Fattori di forma di alimentazione supportati ATX|13.5|Accessori|Cavi E Accessori|Fractal|249983
Informatica|T_0383_1N07-297|7640186418119|D31866-RPET|15|24.34|Dicota Eco Slim Case MOTION 10 - 11.6? Blue borsa per notebook 29,5 cm (11.6)|https://static.scaboo.com/images/_ext/9/6/2/96250891.jpg|Capienza massima dimensioni dello schermo 29,5 cm (11.6) Compatibilit&#224; marca Ogni marca Colorazione superficie Tinta unita Maniglia(e) per il trasporto S&#236;|13.5|Accessori|Cavi E Accessori|Dicota|249983
Informatica|T_0383_1N07-28Z|7640186418133|D31868-RPET|14|24.15|Dicota Eco Slim Case MOTION 12 - 13.3? borsa per notebook 33,8 cm (13.3)|https://static.scaboo.com/images/_ext/9/6/2/96242588.jpg|Capienza massima dimensioni dello schermo 33,8 cm (13.3) Colorazione superficie Tinta unita Tasca anteriore S&#236; Tasche esterne Tasca anteriore Maniglia(e) per il trasporto S&#236; Tracolla S&#236; Tracolla rimovibile S&#236;|13.5|Accessori|Cavi E Accessori|Dicota|249983
Informatica|T_0383_1N07-29D|7640239421103|D32035-RPET|13|36.93|DICOTA D32035-RPET borsa per laptop 43,9 cm (17.3) Valigetta ventiquattrore Nero|https://static.scaboo.com/images/_ext/1/1/8/118760594.jpg|Durata della garanzia 30 anno/i Larghezza 430 mm Profondit&#224; 310 mm Altezza 50 mm Peso 750 g Dimensioni compartimento notebook (L x P x A) 420 x 300 x 40 mm Capienza massima dimensioni dello schermo 43,9 cm (17.3) Tipologia custodia Valigetta ventiquattrore Materiali Poliestere Colore principale del prodotto Nero Compatibilit&#224; marca Universale Colorazione superficie Monocromatico Genere Unisex Numero di scomparti 2 Tasche interne Tasca Airtag, Tasca per cellulare, Tasca per documento, Taschino per penna Tasca anteriore S&#236; Tasche esterne Tasca anteriore Numero di tasche anteriori 2 Supporto per penna S&#236; Maniglia(e) per il trasporto S&#236; Tracolla S&#236; Tracolla rimovibile S&#236; Funzioni di protezione Idrorepellente Materiale riciclato Polietilene tereftalato (PET) Percentuale di materiale riciclato 100% Tipo di chiusura Allacciatura a zip Quantit&#224; 1|13.5|Accessori|Cavi E Accessori|Dicota|249983
Informatica|T_0383_1T05-08P|8020252186774|MA-USTY-BK|13|28.82|Tucano MA-USTY-BK penna per PDA Nero|https://static.scaboo.com/images/_ext/1/0/9/109030036.jpg|Penna digitale universale per tablet e smartphone Penna capacitiva attiva universale per il 95% dei tablet e degli smartphone, inclusi iPad e iPhone. La Tucano Universal Pencil permette di scrivere, disegnare o prendere appunti non necessitando di attivazione Bluetooth. Inoltre, grazie al magnete integrato, può essere agganciata ai device (solo per i modelli compatibili). Il tempo di utilizzo con ricarica completa è di circa 10 ore e il tempo di ricarica di circa 40 minuti. Cavo USB-C per la ricarica e 2 punte di ricambio inclusi nella confezione. Larghezza 10 mm Profondit&#224; 10 mm Altezza 166 mm Quantit&#224; per pacco 1 pz Compatibilit&#224; dispositivo Tablet grafico Compatibilit&#224; marca Apple Colore del prodotto Nero Compatibilit&#224; iPad 10.2 7th-8th-9th gen.iPad Air 10,9 4th gen./5th gen.iPad mini 6th geniPad 10,9 10th gen 2022iPad Pro 11 4th geniPad Pro 12,9 6th gen Tipo batteria Da Incasso Tecnologia batteria Litio Durata della batteria 10 h Capacit&#224; della batteria 150 mAh On/Off automatico S&#236;|13.5|Accessori|Cavi E Accessori|Tucano|249983
Informatica|T_0383_3603-19E|8592978070113|ST4000LM024|18|163.42|Seagate Barracuda ST4000LM024 disco rigido interno 2.5 4000 GB Serial ATA III|https://static.scaboo.com/images/_ext/3/3/3/33368275.jpg|Certificati di sostenibilit&#224; RoHS Larghezza 69,8 mm Altezza 15 mm Profondit&#224; 100,3 mm Peso 190 g Consumo di energia (in lettura) 1,9 W Consumo di energia (in scrittura) 2,1 W Consumo energetico (inattivo) 1,1 W Tensione di esercizio 5 V Corrente di start-up 1,2 A Intervallo temperatura di funzionamento 0 - 60 &#176;C Intervallo di temperatura -40 - 70 &#176;C Range di umidit&#224; di funzionamento 5 - 95% Umidit&#224; 5 - 95% Vibrazione di funzionamento 0,7 G Vibrazione di non-funzionamento 3,52 G Shock di funzionamento 300 G Shock di non-funzionamento 650 G Adattatore per l'unit&#224; di archiviazione incluso No Dimensione hard disk 2.5 Capacit&#224; hard disk 4000 GB Velocit&#224; di rotazione hard disk 5400 Giri/min Interfaccia Serial ATA III Tipo HDD Dimensione del buffer HDD 128 MB Numero testine hard disk 10 Tempo medio di ricerca 14 ms Latenza media 5,6 ms Byte per settore 4096|13.5|Hard Disk, Ssd E Nas|Hard Disk Interni|Seagate|249983
Informatica|T_0383_3405-015|8719706003766|ST8000DM004|13|222.1|Seagate Barracuda ST8000DM004 disco rigido interno 3.5 8000 GB Serial ATA III|https://static.scaboo.com/images/_ext/3/7/9/37979885.jpg|Larghezza 101,8 mm Altezza 26,1 mm Profondit&#224; 147 mm Peso 650 g Consumi 6,8 W Consumi (modalit&#224; stand-by) 0,8 W Consumi (modalit&#224; risparmio energetico) 0,8 W Consumo energetico (inattivo) 4,5 W Tensione di esercizio 5 / 12 V Corrente di start-up 1,8 A Intervallo temperatura di funzionamento 0 - 60 &#176;C Intervallo di temperatura -40 - 70 &#176;C Dimensione hard disk 3.5 Capacit&#224; hard disk 8000 GB Velocit&#224; di rotazione hard disk 5400 Giri/min Interfaccia Serial ATA III Tipo HDD Componente per Server/workstation Dimensione del buffer HDD 256 MB Velocit&#224; di trasferimento sostenuta dal disco rigido 220 MiB/s|13.5|Hard Disk, Ssd E Nas|Hard Disk Interni|Seagate|249983
Informatica|T_0383_3406-27T|8719706432276|ST20000NT001|13|676.42|Seagate IronWolf Pro ST20000NT001 disco rigido interno 3.5 20000 GB|https://static.scaboo.com/images/_ext/1/0/1/101647677.jpg|Le unità IronWolf Pro sono progettate per offrire prestazioni 24x7, affidabilità e attendibilità in soluzioni di memorizzazione RAID commerciali e classe Enterprise negli ambienti a più alloggiamenti e con più utenti. Massima tranquillità con una garanzia limitata di cinque anni, servizi Rescue Data Recovery Services per il recupero dati gratuiti per tre anni e IronWolf Health Management. Larghezza 101,8 mm Altezza 26,1 mm Profondit&#224; 147 mm Peso 670 g Consumi 7,7 W Consumi (modalit&#224; stand-by) 1 W Consumi (modalit&#224; spento) 1 W Consumo energetico (inattivo) 5,5 W Tensione di esercizio 5 / 12 V Corrente di start-up 2 A Intervallo temperatura di funzionamento 0 - 65 &#176;C Intervallo di temperatura -40 - 70 &#176;C Vibrazione di non-funzionamento 2,27 G Shock di funzionamento 40 G Shock di non-funzionamento 200 G Dimensione hard disk 3.5 Capacit&#224; hard disk 20000 GB Velocit&#224; di rotazione hard disk 7200 Giri/min Tipo HDD Componente per NAS Dimensione del buffer HDD 256 MB Velocit&#224; di trasferimento dell'interfaccia del disco rigido 6 Gbit/s Velocit&#224; di trasferimento sostenuta dal disco rigido 285 MiB/s Uncorrectable Bit Error Rate (UBER) Sensori di vibrazione rotazionale (RV) S&#236; Limite della frequenza di carico di lavoro 550 TB/anno Rumorosit&#224; (in sospeso) 20 dB Tempo medio fra guasti (MTTF) 2500000 h Tempo medio tra guasti (MTBF) 2500000 h|13.5|Hard Disk, Ssd E Nas|Hard Disk Interni|Seagate|249983
Informatica|T_0383_3G17-012|8801643229405|MUF-256BE3/APC|21|46.79|Samsung MUF-256BE unità flash USB 256 GB USB tipo A 3.2 Gen 1 (3.1 Gen 1) Argento|https://static.scaboo.com/images/_ext/5/6/1/56185352.jpg|Larghezza 15,5 mm Profondit&#224; 40 mm Altezza 12 mm Peso 10,9 g Intervallo temperatura di funzionamento -25 - 85 &#176;C Intervallo di temperatura -40 - 85 &#176;C Shock di funzionamento 1500 G Vibrazione di funzionamento 15000 G Durata shock 0,5 ms Tipo di imballo Blister Protezione della password S&#236; Quantit&#224; per pacco 1 pezzo(i) Fattore di forma Senza coperchio Colore del prodotto Argento Funzioni di protezione A prova di magnete, Resistente agli urti, A prova di temperatura, Impermeabile, A prova di raggi X Impermeabile fino a 1 m Certificazione KC, FCC, CE, VCCI, RCM Capacit&#224; 256 GB Interfaccia dispositivo USB tipo A Versione USB 3.2 Gen 1 (3.1 Gen 1) Velocit&#224; di lettura 300 MB/s Velocit&#224; di scrittura 30 MB/s Plug & Play S&#236; Prodotti compatibili PC, laptop|13.5|Tutto Informatica||Samsung|249983
Informatica|T_0383_3G17-01J|8806092535909|MUF-256DA/APC|50|37.86|Samsung MUF-256DA unità flash USB 256 GB USB tipo-C 3.2 Gen 1 (3.1 Gen 1) Blu|https://static.scaboo.com/images/_ext/9/7/3/97328591.jpg|Spazio di archiviazione USB Tipo C in movimento Un drive per archiviare tutto. Design ergonomico e concepito su misura per la porta USB Type-C largamente diffusa. Supportato da un'unità flash NAND Samsung, questo elegante drive coniuga prestazioni affidabili a flessibilità e potenza da utilizzare a seconda dei vari dispositivi. Prestazioni alla massima velocità Non devi scegliere tra performance e affidabilità. Prova un drive flash potente e veloce in grado di trasferire file di 4GB in soli 11 secondi con velocità di lettura con USB 3.1 che arrivano fino a 400MB/s e compatibile, al contempo, con USB 3.0/2.0. È questa la memoria flash NAND di qualità Samsung in azione. Il moderno incontra il classico Questo drive per USB Tipo C è tanto bello quanto funzionale. Il corpo ultra-elegante con finiture in mystic blue è una dichiarazione in sé e per sé. Dotato di orientamento plug reversibile, Type-C si inserisce perfettamente nei tuoi dispositivi in ogni momento. Trasferisci file di grandi dimensioni con stile e facilità. Connettività a tutto tondo La tecnologia USB Tipo C è presente ovunque e lo stesso vale per la tua capacità di archiviazione. Compatibile con tutti i tuoi dispositivi, inclusi laptop, tablet, smartphone e videocamere, questo drive tascabile è utile ovunque tu vada. Con una capacità di 256GB, c'è abbastanza spazio per 63.730 foto o un massimo di 12 ore di video in 4K. Resistente e affidabile File al sicuro, ovunque tu vada. La leadership di Samsung nel campo delle memorie flash rende Type-C un drive affidabile per archiviare i tuoi dati importanti. Funziona con una struttura impermeabile, antiurto, resistente ai campi magnetici, a temperature estreme e ai raggi X, il tutto accompagnato da una garanzia limitata di 5 anni. La memoria flash n. 1 al mondo Scopri l’eccezionale performance e affidabilità che solo la memoria flash numero uno al mondo dal 2003 può regalarti. Tutti i firmware e i componenti, incluse le rinomate tecnologie Samsung DRAM e NAND, sono prodotti in-house, consentendo così un’integrazione end-to-end nel segno della massima qualità. Larghezza 33,7 mm Profondit&#224; 6,4 mm Altezza 15,9 mm Peso 3,4 g Intervallo temperatura di funzionamento 0 - 60 &#176;C Intervallo di temperatura -10 - 70 &#176;C Durata shock 0,5 ms Quantit&#224; per pacco 1 pz Fattore di forma Cuffia Colore del prodotto Blu Funzioni di protezione A prova di magnete, Resistente agli urti, A prova di temperatura, Impermeabile, A prova di raggi X Impermeabile fino a 1 m Capacit&#224; 256 GB Interfaccia dispositivo USB tipo-C Versione USB 3.2 Gen 1 (3.1 Gen 1) Velocit&#224; di lettura 400 MB/s|13.5|Tutto Informatica||Samsung|249983
Informatica|T_0383_3203-12E|8806092968462|MU-PE2T0K/EU|36|389.64|Samsung MU-PE2T0K 2000 GB Beige|https://static.scaboo.com/images/_ext/9/6/1/96107552.jpg|Ultra resistente Straordinariamente resistente, veloce e compatto. Il nuovo T7 Shield ti offre prestazioni superiori anche in condizioni ambientali estreme. La super velocità interna e il design robusto ti consentono di lavorare in maniera fluida su qualsiasi progetto, anche per rapide operazioni di editing. Crea alla massima velocità Trasferisci file enormi in un attimo. Grazie alla USB 3.2 di seconda generazione e a PCIe® NVMe™ raggiungi velocità di lettura/scrittura sequenziali ultra-elevate fino a 1.050/1.000 MB/s per operazioni di editing istantaneo direttamente dal drive. La scocca in gomma high-tech con Dynamic Thermal Guard tiene sotto controllo il calore per mantenere prestazioni costanti anche durante la gestione dei progetti più complessi. I tuoi dati al sicuro Adatto ad ogni occasione. Che tu sia alla tua postazione di lavoro o decida di spostarti all'aperto, i tuoi dati saranno al sicuro da acqua e polvere con la certificazione IP65. Il design robusto e la struttura in elastomero all’avanguardia aggiungono ulteriore resistenza, consentendo di sopportare anche cadute da un'altezza fino a 3 metri. Tanto spazio, con tanto stile A te la scelta. I modelli da 1TB o 2TB ti offrono un'enormità di spazio nelle raffinate varianti di colore blu, beige o nero. L'elegante struttura in gomma consente di mantenere salda la presa sul dispositivo. Tutti i tuoi file a portata di mano, con stile. Software di gestione Imposta la password e scarica gli aggiornamenti più recenti del firmware con il software SSD portatile Samsung disponibile per PC, Mac, smartphone e tablet Android. Con il Software Samsung Magician puoi anche controllare lo stato di salute del drive, migliorare le performance e proteggere i tuoi dati. La memoria flash n. 1 al mondo Scopri l’eccezionale performance e affidabilità che solo la memoria flash numero uno al mondo dal 2003 può regalarti. Tutti i firmware e i componenti, incluse le rinomate tecnologie Samsung DRAM e NAND, sono prodotti in-house, consentendo così un’integrazione end-to-end nel segno della massima qualità. Certificati di sostenibilit&#224; CE, RoHS Connettore USB USB tipo-C Versione USB 3.2 Gen 2 (3.1 Gen 2) Larghezza 59 mm Profondit&#224; 13 mm Altezza 88 mm Peso 98 g Software forniti Samsung Portable SSD Software 1.0, Samsung Magican Software Colore del prodotto Beige Protezione della password S&#236; Materiale della scocca Gomma Funzioni di protezione Antipolvere, Resistente all\u2019acqua Capacit&#224; SSD 2000 GB NVMe S&#236; Velocit&#224; di lettura 1050 MB/s Velocit&#224; di scrittura 1000 MB/s|13.5|Hard Disk, Ssd E Nas|Ssd|Samsung|249983
Informatica|T_0383_4H21-01P|8806094780697|MB-MD256SB/WW|50|54.39|Samsung PRO Plus microSD Memory Card 256GB (2023), USB Card Reader incluso|https://static.scaboo.com/images/_ext/1/1/0/110603968.jpg|La tua nuova scheda Per una vita ricca di emozioni. Velocità di scrittura accelerate e prestazioni affidabili ti permettono di registrare video in 4K perfetti sul tuo telefono o drone. Espandi lo spazio di archiviazione sul tuo dispositivo di gaming o tablet per giochi che richiedono una maggiore performance. Assicurati la velocità e la capacità di stare in movimento, indipendentemente dal dispositivo. Scatta a raffica Fai più scatti, più velocemente e sempre perfetti. L'incredibile velocità di lettura/scrittura U3, Classe 10, fino a 180/130MB/s [1] , ti permette di scattare e trasferire senza problemi moltissime foto [2] . I video in 4K rimangono indelebili con velocità V30 e UHS-I. Con una scheda di classe A2 puoi salvare app e giochi ancora più attivi. Più spazio per conservare tutto Possibilità infinite. Con capacità di 128, 256 e 512 GB hai a disposizione un enorme spazio di archiviazione. Puoi fare riprese lunghissime e scattare tutte le foto ad alta risoluzione che vuoi. O caricare tutte le app e i contenuti multimediali che ti servono. Ora lo spazio non manca. Massima sicurezza 6 livelli di protezione. PRO Plus affronta le avventure della vita con una protezione da acqua [3] , alte temperature [4] , raggi X [5] , campi magnetici [6] , cadute [7] e usura. Le tue esperienze sono insostituibili e meritano una scelta affidabile. E tutto è coperto da una garanzia limitata di 10 anni. La memoria flash n.1 al mondo Scopri leccezionale performance e affidabilità che solo la memoria flash numero uno al mondo dal 2003 può regalarti. Capacit&#224; 256 GB Tipo flash card MicroSDXC Classe di memoria flash Classe 10 Velocit&#224; di lettura 180 MB/s Velocit&#224; di scrittura 130 MB/s Tipo di RAM UHS-I Classe di velocit&#224; video V30 Classe di prestazione dell'applicazione A2 Larghezza 15 mm Profondit&#224; 1 mm Altezza 11 mm Peso 0,25 g Intervallo temperatura di funzionamento -25 - 85 &#176;C Intervallo di temperatura -40 - 85 &#176;C Colore del prodotto Blu Durata 10000 cicli per settore logico|13.5|Tutto Informatica||Samsung|249983
Informatica|T_0383_4H21-01R|8806094780710|MB-MD128SB/WW|50|36.61|Samsung PRO Plus microSD Memory Card 128GB (2023), USB Card Reader incluso|https://static.scaboo.com/images/_ext/1/1/0/110603853.jpg|La tua nuova scheda Per una vita ricca di emozioni. Velocità di scrittura accelerate e prestazioni affidabili ti permettono di registrare video in 4K perfetti sul tuo telefono o drone. Espandi lo spazio di archiviazione sul tuo dispositivo di gaming o tablet per giochi che richiedono una maggiore performance. Assicurati la velocità e la capacità di stare in movimento, indipendentemente dal dispositivo. Scatta a raffica Fai più scatti, più velocemente e sempre perfetti. L'incredibile velocità di lettura/scrittura U3, Classe 10, fino a 180/130MB/s, ti permette di scattare e trasferire senza problemi moltissime foto. I video in 4K rimangono indelebili con velocità V30 e UHS-I. Con una scheda di classe A2 puoi salvare app e giochi ancora più attivi. Più spazio per conservare tutto Possibilità infinite. Con capacità di 128, 256 e 512 GB hai a disposizione un enorme spazio di archiviazione. Puoi fare riprese lunghissime e scattare tutte le foto ad alta risoluzione che vuoi. O caricare tutte le app e i contenuti multimediali che ti servono. Ora lo spazio non manca. Massima sicurezza 6 livelli di protezione. PRO Plus affronta le avventure della vita con una protezione da acqua, alte temperature, raggi X, campi magnetici, cadute e usura Le tue esperienze sono insostituibili e meritano una scelta affidabile. E tutto è coperto da una garanzia limitata di 10 anni. La memoria flash n.1 al mondo Scopri l’eccezionale performance e affidabilità che solo la memoria flash numero uno al mondo dal 2003 può regalarti. Capacit&#224; 128 GB Tipo flash card MicroSDXC Classe di memoria flash Classe 10 Velocit&#224; di lettura 180 MB/s Velocit&#224; di scrittura 130 MB/s Tipo di RAM UHS-I Classe di velocit&#224; video V30 Classe di prestazione dell'applicazione A2 Larghezza 15 mm Profondit&#224; 1 mm Altezza 11 mm Peso 0,25 g Intervallo temperatura di funzionamento -25 - 85 &#176;C Intervallo di temperatura -40 - 85 &#176;C Colore del prodotto Blu Durata 10000 cicli per settore logico|13.5|Tutto Informatica||Samsung|249983
Informatica|T_0383_4H21-01E|8806094957228|MB-MY512SA/WW|50|98.51|Samsung PRO Ultimate microSD Memory Card 512GB|https://static.scaboo.com/images/_ext/1/1/3/113669960.jpg|Un'ulteriore spinta alla creatività La scheda microSD PRO Ultimate UHS-I¹ è stata progettata per aiutarti a raggiungere il tuo massimo potenziale creativo. Prestazioni incredibilmente veloci e affidabili ti permettono di registrare video senza lag in 4K con il tuo drone o la tua action cam, o di caricare e giocare con facilità anche le partite più estenuanti. Rimani nella corsia di sorpasso Produttività e creatività schizzano alle stelle, con velocità di lettura e scrittura sequenziali¹ fino a 200 MB/s e 130 MB/s. Le classificazioni U3 e V30² facilitano l'acquisizione di video³ 4K UHD, mentre la performance A24 favorisce il caricamento rapido e il multitasking senza interruzioni anche quando si eseguono app che richiedono prestazioni elevate. Spazio infinito Per quanto vasta sia la tua collezione di giochi o il numero totale di video registrati, con capacità di archiviazione da 128 GB a 512 GB,* la scheda microSD PRO Ultimate manterrà tutti i tuoi dati al sicuro per un recupero facile e veloce, quando e dove ti servono. Compatibilità estesa La scheda microSD PRO Ultimate è compatibile con smartphone e tablet Android per l'uso intensivo di applicazioni o il salvataggio di file, nonché con droni, action camera, laptop e console per gaming portatili. È una soluzione ottimale per i videomaker professionisti e gli appassionati di gaming. Massima tranquillità Sei in mani sicure. 6 livelli di protezione.* PRO Ultimate protegge i tuoi dati da acqua,¹ temperature estreme,² raggi X,³ e persino cadute accidentali,5 ed è progettata per resistere a quasi ogni impatto, rendendola adatta all'uso in movimento. La memoria flash nº 1 al mondo Scopri l’eccezionale performance e affidabilità che solo la memoria flash numero uno al mondo dal 2003 può regalarti.* Capacit&#224; 512 GB Tipo flash card MicroSDXC Velocit&#224; di lettura 200 MB/s Velocit&#224; di scrittura 130 MB/s Tipo di RAM UHS-I Classe di velocit&#224; UHS Class 3 (U3) Classe di velocit&#224; video V30 Classe di prestazione dell'applicazione A2 Larghezza 15 mm Profondit&#224; 1 mm Altezza 11 mm Peso 25 g Voltaggio della memoria 2.7,3.6 V Intervallo temperatura di funzionamento -25 - 85 &#176;C Intervallo di temperatura -40 - 85 &#176;C Adattatore memoria incluso SD Quantit&#224; per pacco 1 pz Colore del prodotto Blu Funzioni di protezione Resistente alle cadute, A prova di magnete, A prova di temperatura, Impermeabile, A prova di raggi X Durata 10000 cicli per settore logico Certificazione CE(UKCA)/FCC/VCCI/RCM|13.5|Tutto Informatica||Samsung|249983
Informatica|T_0383_1Q53-01R|8806095105796|EJ-PX710BBEGEU|11|26.47|Samsung Galaxy Tab S9 Series S Pen|https://static.scaboo.com/images/_ext/1/1/3/113004865.jpg||13.5|Accessori|Cavi E Accessori|Samsung|249983
Informatica|T_0383_1T09-05Q|8806095300481|EF-BX210TBEGWW|26|21.72|Samsung Galaxy Tab A9+ Book Cover|https://static.scaboo.com/images/_ext/1/1/6/116104305.jpg|Larghezza 356,4 mm Profondit&#224; 260,4 mm Altezza 11,4 mm Peso 296 g Quantit&#224; per pacco 1 pz Batteria inclusa No Capienza massima dimensioni dello schermo 27,9 cm (11) Tipologia custodia Custodia a libro Colore principale del prodotto Nero Compatibilit&#224; marca Samsung Altoparlanti incorporati No Modalit&#224; supporto S&#236; Compatibilit&#224; Tab A9+|13.5|Accessori|Cavi E Accessori|Samsung|249983
Informatica|T_0383_3K17-009|8806095312170|EB-U2510XUEGEU|47|20.31|Samsung EB-U2510XUEGEU batteria portatile 10000 mAh Carica wireless Beige|https://static.scaboo.com/images/_ext/1/1/7/117314850.jpg|Interfaccia di ingresso USB tipo-C Quantit&#224; di porte USB Tipo C 2 Larghezza 148 mm Profondit&#224; 16,4 mm Altezza 72 mm Peso 222 g Voltaggio di ingresso 9 V Voltaggio di uscita 3.3 - 11 V Quantit&#224; per pacco 1 pz Radio integrata No Cavi inclusi USB tipo-C Numero di dispositivi connessi simultaneamente (max) 3 Colore del prodotto Beige Compatibilit&#224; caricatore Universale Indicatori LED S&#236; Capacit&#224; della batteria 10000 mAh Fonte di ricarica USB Ricarica rapida S&#236; Carica wireless S&#236; Tecnologia di ricarica veloce Power Delivery 3.0 Fornitura di alimentazione USB fino a 25 W|13.5|Accessori|Cavi E Accessori|Samsung|249983
Informatica|T_0383_3K17-008|8806095312187|EB-P4520XUEGEU|50|21.18|Samsung EB-P4520XUEGEU batteria portatile 20000 mAh Beige|https://static.scaboo.com/images/_ext/1/1/7/117318284.jpg|Interfaccia di ingresso USB tipo-C Quantit&#224; di porte USB Tipo C 3 Larghezza 152 mm Profondit&#224; 25,5 mm Altezza 76 mm Peso 402 g Voltaggio di ingresso 9 V Voltaggio di uscita 3.3 - 20 V Quantit&#224; per pacco 1 pz Radio integrata No Cavi inclusi USB tipo-C Numero di dispositivi connessi simultaneamente (max) 3 Colore del prodotto Beige Compatibilit&#224; caricatore Universale Indicatori LED S&#236; Capacit&#224; della batteria 20000 mAh Fonte di ricarica USB Ricarica rapida S&#236; Tecnologia di ricarica veloce Power Delivery 3.0, Quick Charge 2.0 Fornitura di alimentazione USB fino a 45 W|13.5|Accessori|Cavi E Accessori|Samsung|249983
Informatica|T_0383_3G17-01P|8806095379692|MUF-512BE3/APC|50|63.78|Samsung MUF-512BE unità flash USB 512 GB USB tipo A 3.2 Gen 1 (3.1 Gen 1) Argento|https://static.scaboo.com/images/_ext/1/2/0/120216603.jpg|Durata della garanzia 5 anno/i Larghezza 15,5 mm Profondit&#224; 12 mm Altezza 40 mm Peso 10,9 g Intervallo temperatura di funzionamento 0 - 60 &#176;C Intervallo di temperatura -10 - 70 &#176;C Quantit&#224; per pacco 1 pz Fattore di forma Senza coperchio Colore del prodotto Argento Materiale della scocca Metallo Funzioni di protezione A prova di magnete, Resistente agli urti, A prova di temperatura, Resistente all\u2019acqua, A prova di raggi X Capacit&#224; 512 GB Interfaccia dispositivo USB tipo A Versione USB 3.2 Gen 1 (3.1 Gen 1) Velocit&#224; di lettura 400 MB/s Prodotti compatibili PC, Notebook Certificati di sostenibilit&#224; CE, Federal Communications Commission (FCC), KC, RCM, VCCI Conformit&#224; alla sostenibilit&#224; S&#236;|13.5|Tutto Informatica||Samsung|249983
Informatica|T_0383_3G17-01Q|8806095379883|MUF-512DA/APC|50|81.15|Samsung MUF-512DA unità flash USB 512 GB USB tipo-C 3.2 Gen 1 (3.1 Gen 1) Blu|https://static.scaboo.com/images/_ext/1/2/0/120216606.jpg|Spazio di archiviazione USB-C sempre con te Type-C™ garantisce flessibilità di archiviazione da 64 GB a 512 GB [1] , permettendoti così di memorizzare qualsiasi contenuto tu voglia, dai reel di viaggio alle presentazioni ricche di grafici fino alle playlist musicali e alle raccolte di film. Il modello da 512 GB è in grado di archiviare qualcosa come 170.251 foto o fino a 24 ore di video in 4K [2] . Prestazioni e velocità Non dovrai più scegliere tra prestazioni e affidabilità. Scopri l'unità flash veloce e potente che è in grado di trasferire file da 4 GB in appena 9 secondi [3] con velocità di lettura fino a 400 MB/s [4] USB 3.2 Gen 1 ed è inoltre retrocompatibile con gli standard USB 2.0. Dove moderno e classico si fondono Type-C™ unisce prestazioni ed eleganza ai massimi livelli. Ultrasottile e compatta, sta nel palmo di una mano e, grazie all'orientamento reversibile del connettore, potrai inserirla facilmente in qualsiasi dispositivo. Disponibile nei colori mystic blue e gray, [5] trasferire file non è mai stato così semplice e cool. Connettività a tutto tondo Compatibile con i dispositivi USB-C, inclusi laptop, tablet, smartphone e fotocamere, questa unità flash in formato tascabile può seguirti ovunque. Sul lavoro, mentre giochi o in piena fase creativa, Type-C™ protegge i tuoi file archiviati e ne facilita l'accesso da più dispositivi. Resistente e affidabile I tuoi file sono al sicuro, ovunque tu vada. La straordinaria tecnologia che Samsung integra nelle sue memorie flash garantisce la massima affidabilità di Type-C™, che diventa il posto più sicuro dove archiviare i tuoi dati importanti. Struttura impermeabile [6] , antiurto [7] , resistente ai campi magnetici [8] , alle temperature estreme [9] e ai raggi X [10] , il tutto accompagnato da una garanzia limitata di 5 anni [11] . Software Samsung Magician Da decenni, la memoria flash NAND di Samsung è alla base di tecnologie e innovazioni che hanno rivoluzionato la nostra vita quotidiana in tutti i suoi aspetti. La tecnologia flash NAND è integrata anche nelle nostre unità flash USB, per aprire la strada alla prossima rivoluzione nell'era dell'innovazione. Diamo vita alle idee Da decenni, la memoria flash NAND di Samsung è alla base di tecnologie e innovazioni che hanno rivoluzionato la nostra vita quotidiana in tutti i suoi aspetti. La tecnologia flash NAND è integrata anche nelle nostre unità flash USB, per aprire la strada alla prossima rivoluzione nell'era dell'innovazione. Velocità di trasferimento straordinaria Offre una velocità di lettura sequenziale fino a 400 MB/s tramite l'interfaccia USB 3.2 Gen 1 e permette di trasferire file da 4 GB in appena 9 secondi. Compatibilità USB-C Versatile con smartphone, tablet e laptop con porte USB di tipo C, per un utilizzo trasversale con diversi dispositivi Affidabilità rassicurante Protegge i dati dall'acqua, dalle temperature estreme, dai raggi X, dai campi magnetici e dagli urti, perfetta per seguirti ovunque. Larghezza 23,6 mm Profondit&#224; 7,3 mm Altezza 18,8 mm Peso 3,4 g Intervallo temperatura di funzionamento 0 - 60 &#176;C Intervallo di temperatura -10 - 70 &#176;C Quantit&#224; per pacco 1 pz Certificati di conformit&#224; CE, Federal Communications Commission (FCC), KC, RCM, VCCI Fattore di forma Cuffia Colore del prodotto Blu Capacit&#224; 512 GB Interfaccia dispositivo USB tipo-C Versione USB 3.2 Gen 1 (3.1 Gen 1) Velocit&#224; di lettura 400 MB/s Conformit&#224; alla sostenibilit&#224; S&#236;|13.5|Tutto Informatica||Samsung|249983
Informatica|T_0383_4H21-01Z|8806095388236|MB-MD1T0SB/WW|15|151.01|Samsung MB-MD1T0S 1 TB MicroSDXC UHS-I Classe 10|https://static.scaboo.com/images/_ext/1/2/1/121741414.jpg|Capacit&#224; 1 TB Tipo flash card MicroSDXC Classe di memoria flash Classe 10 Velocit&#224; di lettura 180 MB/s Velocit&#224; di scrittura 130 MB/s Tipo di RAM UHS-I Classe di velocit&#224; UHS Class 3 (U3) Classe di velocit&#224; video V30 Classe di prestazione dell'applicazione A2 Larghezza 15 mm Profondit&#224; 1 mm Altezza 11 mm Peso 25 g Voltaggio della memoria 2.7,2.8,3.3,3.6 V Intervallo temperatura di funzionamento -25 - 85 &#176;C Intervallo di temperatura -40 - 85 &#176;C Tipo di imballo Blister Adattatore memoria incluso USB Colore del prodotto Blu|13.5|Tutto Informatica||Samsung|249983
Informatica|T_0383_4H21-01W|8806095420110|MB-MC512SA/EU|50|80.8|Samsung MB-MC512S 512 GB MicroSDXC UHS-I|https://static.scaboo.com/images/_ext/1/1/8/118382246.jpg|Tutto lo spazio che ti serve Fino a 512GB di spazio per avere sempre con te tutti i tuoi contenuti. Velocità e compatibilità ottimizzate per offrire prestazioni affidabili. Con così tanto spazio a disposizione potrai memorizzare uninfinità di contenuti multimediali sul telefono, accedere a un mondo di giochi sulla console portatile o scaricare più applicazioni sul tablet. Una soluzione con un design elegante ma anche incredibilmente veloce, per trasferire contenuti in modo semplice e affidabile. Semplice e veloce Prestazioni eccezionali in un dispositivo compatto. Con una velocità di trasferimento U3 classe 10 semplicemente straordinaria, fino a un massimo di 160 MB/s [1] , [2] EVO Plus ti aiuterà a stare sempre al passo con i tuoi impegni. Grazie alla classe A2 [3] per le prestazioni delle app e a uno standard di velocità video V30, potrai utilizzare tutte le app in modo ottimale mentre guardi video in altissima qualità [4] con una risoluzione 4K UHD. Elevata capacità di archiviazione La memoria del tuo telefono non avrà più confini. Trova la soluzione ideale per te, con opzioni da 64 GB a 512 GB. La scelta più adatta per ogni esigenza di spazio. Tutto lo spazio che ti serve per rivivere ogni volta momenti indimenticabili. Semplicemente versatile La compagna di viaggio perfetta. Grazie alla sua versatilità, EVO Plus è compatibile con qualsiasi dispositivo, dagli smartphone e tablet Android alle console di gioco e ai computer portatili, per memorizzare e gestire anche i file più grandi in modo semplice e sicuro. Massima protezione 6 livelli di protezione. EVO Plus è attrezzata per vivere ogni avventura, grazie a unelevata resistenza ad acqua [5] , temperature estreme [6] , raggi X [7] , campi magnetici [8] , cadute [9] e usura [10] . La massima affidabilità per proteggere esperienze uniche e preziose. Tutto questo con una garanzia limitata di 10 anni. Software Samsung Magician Ottieni il massimo da EVO Plus con il software Samsung Magician, una suite di strumenti di gestione facili da usare che migliorano le prestazioni della scheda di memoria. Potrai verificare l'autenticità dei prodotti, monitorare le condizioni delle unità e confrontare le prestazioni. Diamo vita alle idee Da decenni, la memoria flash NAND di Samsung è alla base di tecnologie e innovazioni che hanno rivoluzionato la nostra vita quotidiana in tutti i suoi aspetti. La tecnologia flash NAND è integrata anche nelle nostre schede di memoria, per aprire la strada alla prossima rivoluzione nellera dellinnovazione. Veloce e affidabile Con una velocità fino a 160 MB/s potrai archiviare, salvare e condividere contenuti istantaneamente. Compatibilità estesa Compatibile con smartphone e tablet Android, laptop e console gaming. Fino a 512GB Sono disponibili opzioni da 64 GB a 512GB. Scegli l'EVO Plus che fa per te ed espandi la capacità per immagini ad alta risoluzione e file video in 4K. Capacit&#224; 512 GB Tipo flash card MicroSDXC Velocit&#224; di lettura 160 MB/s Tipo di RAM UHS-I Classe di velocit&#224; UHS Class 3 (U3) Classe di velocit&#224; video V30 Classe di prestazione dell'applicazione A2 Larghezza 15 mm Profondit&#224; 1 mm Altezza 11 mm Peso 25 g Voltaggio della memoria 2.7,3.6 V Intervallo temperatura di funzionamento -25 - 85 &#176;C Intervallo di temperatura -40 - 85 &#176;C Quantit&#224; per pacco 1 pz Adattatore memoria incluso SD Colore del prodotto Bianco Funzioni di protezione Resistente alle cadute, A prova di magnete, A prova di temperatura, Impermeabile, A prova di raggi X Durata 10000 cicli per settore logico|13.5|Tutto Informatica||Samsung|249983
Informatica|T_0383_1T09-065|8806095759067|EF-DX725BBGGDE|29|90.14|Samsung EF-DX725 27,9 cm (11) Custodia a libro Nero|https://static.scaboo.com/images/_ext/1/2/2/122089421.jpg|Capienza massima dimensioni dello schermo 27,9 cm (11) Tipologia custodia Custodia a libro Colore principale del prodotto Nero Compatibilit&#224; marca Samsung Altoparlanti incorporati No Modalit&#224; supporto S&#236; Compatibilit&#224; Galaxy Tab S9, Galaxy Tab S9 FE Anello elastico per penna S&#236; Tastiera integrata S&#236; Struttura tastiera QWERTZ Funzioni di protezione Scratch resistant|13.5|Accessori|Cavi E Accessori|Samsung|249983
Informatica|T_0383_1T09-06G|8806097207900|EF-BX620PBEGWW|18|42.19|Samsung Galaxy Tab S10 FE+ Smart Book Cover|https://static.scaboo.com/images/_ext/1/2/5/125111908.jpg|Due modalità di visualizzazione. Due volte più versatile Ruota il tuo tablet con la massima flessibilità. Con Smart Book Cover, potrai passare in ogni momento dalla modalità orizzontale a quella verticale, o viceversa. Basta ripiegare la parte posteriore per trasformarla in un supporto resistente e adatto a entrambe le modalità di visualizzazione. Facile da utilizzare grazie allaggancio magnetico Grazie al design con aggancio magnetico, potrai attaccare e staccare facilmente la cover posteriore per personalizzare il dispositivo. Scegli la cover che preferisci in base alle tue esigenze quotidiane. Modalità standby e riattivazione automatica Ti basterà aprire la Smart Book Cover per riattivare il tablet e riprendere le tue attività in un attimo. E ogni volta che richiudi il tablet, torna automaticamente in standby. Larghezza 220,5 mm Profondit&#224; 11,1 mm Altezza 301,5 mm Peso 458 g Batteria inclusa No Capienza massima dimensioni dello schermo 27,7 cm (10.9) Tipologia custodia Cover Colore principale del prodotto Nero Compatibilit&#224; marca Samsung Altoparlanti incorporati No Modalit&#224; supporto S&#236; Compatibilit&#224; Galaxy Tab S10 FE+ Numero di modalit&#224; supporto 2 Anello elastico per penna S&#236; Funzione sveglia/sonno automatica S&#236;|13.5|Accessori|Cavi E Accessori|Samsung|249983
Informatica|T_0383_1T09-06M|8806097333272|EF-DX625BBGGDE|23|107.74|Samsung EF-DX625 QWERTZ Tedesco Pin Pogo Nero|https://static.scaboo.com/images/_ext/1/2/5/125111924.jpg|Tecnologia di connessione Docking Interfaccia dispositivo Pin Pogo Larghezza 202,5 mm Profondit&#224; 14,4 mm Altezza 301,3 mm Peso 578 g Alimentazione Dock Porta di ricarica USB Type-C No Struttura tastiera QWERTZ Linguaggio tastiera Tedesco Dispositivo di puntatura Trackpad Tastiera numerica No Numero pulsanti tastiera 81 Adattatore AC/DC No Bluetooth S&#236; Compatibilit&#224; marca Samsung Compatibilit&#224; Galaxy Tab S10 FE+ Colore del prodotto Nero Copertura S&#236; Retroilluminazione No Regolazione dell'angolo (max) 150&#176; Supporto per penna S&#236; Supporto incorporato S&#236; Supporto regolabile S&#236;|13.5|Accessori|Cavi E Accessori|Samsung|249983
Informatica|T_0383_4M09-02P|8886419334415|RZ01-04630700-R3M1|44|45.46|Razer DeathAdder V3 Pro - Fortnite Edition mouse Giocare Mano destra RF Wireless + USB Type-C Ottico 30000 DPI|https://static.scaboo.com/images/_ext/1/2/0/120826301.jpg|Larghezza 68 mm Profondit&#224; 128 mm Altezza 44 mm Peso 63 g Alimentazione Cavo Ricaricabile S&#236; Tipo di porta di ricarica USB tipo-C Tipo batteria Batteria integrata Durata batteria 90 h Quantit&#224; per pacco 1 pz Cavi inclusi Da USB tipo A a USB tipo C Ricevitore incluso S&#236; interfaccia ricevitore senza fili USB tipo A Guida utente S&#236; numero di profili 1 Fattore di forma Mano destra Colore del prodotto Multicolore Design ergonomico S&#236; Materiale piedi Politetrafluoroetilene (PTFE) Illuminazione No Utilizzo Giocare Interfaccia dispositivo RF Wireless + USB Type-C Tecnologia di rilevamento del movimento Ottico Risoluzione movimento 30000 DPI Tipo di scorimmento Rotella Numero di tasti 5 Numero di rotelle 1 Direzioni di scorrimento Verticale Tipo di pulsanti Tasti premuti bottoni del mouse programmabili S&#236; Numero di pulsanti programmabili 5 Durata dei tasti (milioni di clic) 90 Velocit&#224; di inseguimento del mouse 750 ips (pollici al secondo) Risoluzione di movimento personalizzabile S&#236; Accelerazione (max) 70 G Polling rate 1000 Hz Tipo sensore Focus Pro 30K|13.5|Accessori|Cavi E Accessori|Razer|249983
Informatica|T_0383_4N07-01A|8886419348856|RZ03-04470400-R3G1|37|33.31|Razer Ornata V3 X tastiera USB QWERTZ Tedesco Nero|https://static.scaboo.com/images/_ext/1/0/0/100697346.jpg|Tipologia alimentazione USB Utilizzo raccomandato Giocare Interfaccia dispositivo USB Interruttore a chiave per tastiera Interruttore a chiave a membrana Struttura tastiera QWERTZ Linguaggio tastiera Tedesco Dispositivo di puntatura No Fattore di forma tastiera Full-size (100%) Tastiera numerica S&#236; Tasti Windows S&#236; Tasti di scelta rapida programmabili S&#236; Tasto con effetto rollover Rollover 6-tasti Polling rate 1000 Hz Numero di prodotti inclusi 1 pz Retroilluminazione S&#236; Colore del prodotto Nero Tipologia di retroilluminazione LED RGB Colore retroilluminazione Variabile Stile tastiera Dritto Colorazione superficie Monocromatico Funzioni di protezione Resistente ai raggi UV Mouse incluso No|13.5|Accessori|Cavi E Accessori|Razer|249983
Informatica|T_0383_2F10-00G|9010018100426|NF-A14PWMCH.BK.S|10|21.36|Noctua NF-A14 PWM chromax.black.swap Computer case Ventilatore|https://static.scaboo.com/images/_ext/3/9/2/39202545.jpg|Larghezza 140 mm Profondit&#224; 140 mm Altezza 25 mm Larghezza imballo 185 mm Profondit&#224; imballo 35 mm Altezza imballo 215 mm Peso incluso imballo 328 g Consumi 1,56 W Voltaggio 12 Corrente massima 0,13 A Viti incluse Si Numero di viti 4 Modelli fissaggio 124,5 x 124,5 mm Emissione acustica 24,6 dB Colore del prodotto Nero Materiali Metallo Adatto per Computer case Tipo Ventilatore Diametro del ventilatore 14 cm Velocit&#224; (minima) di rotazione 300 Giri/min Velocit&#224; (massima) di rotazione 1500 Giri/min pressione dell'aria massima 2,08 mmH2O Flusso d'aria 140,2 m&#179;/h Supporto per modulazione di larghezza di impulso (PWM) Si Tipo di cuscinetto Self-stabilising oil-pressure bearing (SSO2) Connettore ventilatore 4 piedini Tempo medio fra guasti (MTTF) 150000 h|13.5|Tutto Informatica||Noctua|249983
Informatica|T_0383_1B54-005|9350784027894|ACFS|13|146.07|ALOGIC ACFS supporto da tavolo per Tv a schermo piatto 68,6 cm (27) Scrivania Argento|https://static.scaboo.com/images/_ext/1/1/7/117990708.jpg|Prodotti compatibili 27C4KPDWT Larghezza 280 mm Profondit&#224; 275 mm Quantit&#224; per pacco 1 pz Regolazione altezza S&#236; Angolo di rotazione 360&#176; Colore piedi Argento Colore del prodotto Argento Orientamento Paesaggio Capienza massima dimensioni dello schermo 68,6 cm (27) Tipo di montaggio Scrivania Compatibilit&#224; interfaccia di montaggio (max) 100 x 100 mm Numero di display supportati 1 Montaggio Viti|13.5|Accessori|Cavi E Accessori|Alogic|249983
Informatica|T_0383_3K29-004|9350784029270|A27KPB140W|15|72.27|ALOGIC A27KPB140W batteria portatile 27000 mAh Argento|https://static.scaboo.com/images/_ext/1/1/8/118099258.jpg|Interfaccia di ingresso USB tipo-C Connettore USB di tipo A S&#236; Porte di uscita USB di tipo A 1 Connettore USB Type-C S&#236; Quantit&#224; di porte USB Tipo C 2 Larghezza 53 mm Profondit&#224; 155 mm Altezza 50 mm Peso 635 g Voltaggio di ingresso 5 - 28 V Corrente d'ingresso 3 - 5 A Potenza di uscita totale 140 W Potenza di uscita della porta 1 140 W Potenza di uscita della porta 2 140 W Potenza di uscita della porta 3 18 W Tensione di uscita regolabile S&#236; Voltaggio di uscita 5 - 28 V Porta 1 corrente di uscita 5 A Porta 2 corrente di uscita 5 A Corrente di uscita della porta 3 1,5 A Cavi inclusi USB tipo-C Quantit&#224; per pacco 1 pz Manuale dell'utente S&#236; Guida rapida S&#236; Numero di dispositivi connessi simultaneamente (max) 3 Colore del prodotto Argento Compatibilit&#224; caricatore Controller per videogiochi, Headphones/Headset, Telefono cellulare/smartphone, Laptop/netbook, Tablet Display incorporato S&#236; Interrutore On/Off S&#236; Capacit&#224; della batteria 27000 mAh Fonte di ricarica USB Radio integrata No Ricarica rapida S&#236; Alimentazione USB S&#236; Fornitura di alimentazione USB fino a 140 W|13.5|Accessori|Cavi E Accessori|Alogic|249983
Informatica|T_0383_1Q42-001|9350784030078|ALASS2|15|62.52|ALOGIC ALASS2 penna per PDA 15 g Grigio|https://static.scaboo.com/images/_ext/1/2/0/120810800.jpg|Peso 15 g Larghezza 9 mm Profondit&#224; 155 mm Intervallo temperatura di funzionamento 0 - 40 &#176;C Intervallo di temperatura -20 - 60 &#176;C Range di umidit&#224; di funzionamento 20 - 80% Umidit&#224; 10 - 90% Quantit&#224; per pacco 1 pz Manuale dell'utente S&#236; Batteria ricaricabile S&#236; Indicatore livello batteria S&#236; Compatibilit&#224; dispositivo Universale Colore del prodotto Grigio Compatibilit&#224; Clarity Pro Touch (27C4KPDWT)Clarity Touch A1 (27C4KPDT)Clarity Max Touch (32C4KPDWT)Clarity Max Touch A1 (32C4KPDT)Microsoft Surface 3Microsoft Surface Pro 3/4/5/6/7/8/9/XMicrosoft Materiale della scocca Alluminio Tipo batteria Da Incasso Tecnologia batteria Ioni di Litio Durata della batteria 10 h|13.5|Accessori|Cavi E Accessori|Alogic|249983